Protein ID,pLDDT,Probability of antimicrobial activity,Prediction
VDAG_JR2_Chr1g00380,86.38121627231216,0.7497781323014028,Antimicrobial
VDAG_JR2_Chr1g00390,82.74200258397933,0.22606837769692362,Non-antimicrobial
VDAG_JR2_Chr1g00660,77.243711265914,0.15994539660209775,Non-antimicrobial
VDAG_JR2_Chr1g00710,83.86185731132075,0.27864854258787036,Non-antimicrobial
VDAG_JR2_Chr1g00920,57.013990692262944,0.9041284324321837,Antimicrobial
VDAG_JR2_Chr1g01020,50.43521072796935,0.6604012715498639,Antimicrobial
VDAG_JR2_Chr1g01090,75.41935161382463,0.9333921692604757,Antimicrobial
VDAG_JR2_Chr1g01230,74.45385921325052,0.9877433635668258,Antimicrobial
VDAG_JR2_Chr1g01250,87.76698306168105,0.03128178363168349,Non-antimicrobial
VDAG_JR2_Chr1g01280,38.84955688112484,0.99999974125057,Antimicrobial
VDAG_JR2_Chr1g01630,74.19913013931362,0.9911588076025881,Antimicrobial
VDAG_JR2_Chr1g01680,52.02331642606321,0.0,Non-antimicrobial
VDAG_JR2_Chr1g01700,85.44203059805284,0.08831619549663358,Non-antimicrobial
VDAG_JR2_Chr1g01840,53.7824,0.06694803329717738,Non-antimicrobial
VDAG_JR2_Chr1g01910,76.6189936832934,0.858179421015784,Antimicrobial
VDAG_JR2_Chr1g02460,35.32507667900582,0.9957283302080625,Antimicrobial
VDAG_JR2_Chr1g02480,76.6103710715638,0.999620078086172,Antimicrobial
VDAG_JR2_Chr1g02950,80.95402562373567,0.7335906434470006,Antimicrobial
VDAG_JR2_Chr1g03080,51.06299867899604,4.124385113132528e-05,Non-antimicrobial
VDAG_JR2_Chr1g03211,87.437902695595,0.3484147151740519,Non-antimicrobial
VDAG_JR2_Chr1g03390,66.69989435556897,0.9897507721732924,Antimicrobial
VDAG_JR2_Chr1g03560,57.67009695290859,0.9242045213277561,Antimicrobial
VDAG_JR2_Chr1g03980,77.33684850374064,0.09795330592866695,Non-antimicrobial
VDAG_JR2_Chr1g04030,61.73627195579238,0.972000493324063,Antimicrobial
VDAG_JR2_Chr1g04050,81.4238624078624,0.45938367027883115,Non-antimicrobial
VDAG_JR2_Chr1g04060,89.28344448385953,0.025760540064398874,Non-antimicrobial
VDAG_JR2_Chr1g04090,73.90121279761904,0.2887730462913478,Non-antimicrobial
VDAG_JR2_Chr1g04590,66.8998898725977,0.9709585022466936,Antimicrobial
VDAG_JR2_Chr1g04610,72.18790166376955,0.9787898667815429,Antimicrobial
VDAG_JR2_Chr1g04640,84.68447949526815,0.9893443348019615,Antimicrobial
VDAG_JR2_Chr1g04730,85.33612621359224,0.9785814748668287,Antimicrobial
VDAG_JR2_Chr1g04880,72.4141408245166,0.08294843213797871,Non-antimicrobial
VDAG_JR2_Chr1g05030,86.48786194368756,0.9796063912344909,Antimicrobial
VDAG_JR2_Chr1g05070,88.82148812810604,0.9995552961998196,Antimicrobial
VDAG_JR2_Chr1g05130,31.128043124491462,0.9998833758317062,Antimicrobial
VDAG_JR2_Chr1g05660,88.9438161209068,0.7148043547869285,Antimicrobial
VDAG_JR2_Chr1g05770,75.20688975525232,0.9783821293381924,Antimicrobial
VDAG_JR2_Chr1g05940,76.34256910569107,0.03814090810233475,Non-antimicrobial
VDAG_JR2_Chr1g06120,71.32036151960786,0.9927513379870417,Antimicrobial
VDAG_JR2_Chr1g06210,85.05987121699934,0.14623652350066169,Non-antimicrobial
VDAG_JR2_Chr1g06230,88.84902088479677,0.9903383351711949,Antimicrobial
VDAG_JR2_Chr1g06260,81.71384487764412,0.6785267597290355,Antimicrobial
VDAG_JR2_Chr1g06450,87.03649535603715,0.9807411554934361,Antimicrobial
VDAG_JR2_Chr1g06530,59.89703942652329,0.2195562712237676,Non-antimicrobial
VDAG_JR2_Chr1g06580,32.70999367488931,0.9993653496541248,Antimicrobial
VDAG_JR2_Chr1g06610,73.00863832853025,0.9983044258636168,Antimicrobial
VDAG_JR2_Chr1g06670,67.61393816932714,0.9999717463475319,Antimicrobial
VDAG_JR2_Chr1g06820,86.47044295862935,0.9975165813334806,Antimicrobial
VDAG_JR2_Chr1g06940,88.93910171102661,0.9190021880386914,Antimicrobial
VDAG_JR2_Chr1g07060,74.37404593639576,0.9832918833663558,Antimicrobial
VDAG_JR2_Chr1g07210,81.56465030106531,0.28063905353283186,Non-antimicrobial
VDAG_JR2_Chr1g07360,55.87533002670736,0.006171207449044612,Non-antimicrobial
VDAG_JR2_Chr1g07620,79.6944611794654,0.00883477263851274,Non-antimicrobial
VDAG_JR2_Chr1g07810,90.01138056975894,0.9231281670198892,Antimicrobial
VDAG_JR2_Chr1g07830,81.83338166752978,0.44165207626004316,Non-antimicrobial
VDAG_JR2_Chr1g08180,53.00744971715903,0.9883574747886422,Antimicrobial
VDAG_JR2_Chr1g08300,79.8013454861111,0.9709521967133987,Antimicrobial
VDAG_JR2_Chr1g08350,32.99747628083491,0.7824922003367469,Antimicrobial
VDAG_JR2_Chr1g09150,79.10895899970923,0.9894145590791482,Antimicrobial
VDAG_JR2_Chr1g09700,88.44846326416152,0.8996370924102082,Antimicrobial
VDAG_JR2_Chr1g10020,74.6099801192843,0.8485168453625321,Antimicrobial
VDAG_JR2_Chr1g10350,81.76998276672411,0.02913966059959965,Non-antimicrobial
VDAG_JR2_Chr1g11350,64.28668024993208,0.009907732298251325,Non-antimicrobial
VDAG_JR2_Chr1g11420,57.225255847953214,0.9217974967649777,Antimicrobial
VDAG_JR2_Chr1g11450,25.831846011131724,0.9275246159383259,Antimicrobial
VDAG_JR2_Chr1g11650,48.42199356913184,0.7901213822707791,Antimicrobial
VDAG_JR2_Chr1g11660,66.39820697498105,0.4554256781620035,Non-antimicrobial
VDAG_JR2_Chr1g11860,33.22011936339523,0.041062803585534,Non-antimicrobial
VDAG_JR2_Chr1g11990,73.97702857142858,0.7581121760997185,Antimicrobial
VDAG_JR2_Chr1g12470,64.70994086956522,0.9638339432551025,Antimicrobial
VDAG_JR2_Chr1g12540,72.81541124260356,0.9982399670717134,Antimicrobial
VDAG_JR2_Chr1g12610,31.41320363636364,0.9330484934809087,Antimicrobial
VDAG_JR2_Chr1g13000,77.70379187314172,0.9163058995738157,Antimicrobial
VDAG_JR2_Chr1g13350,43.00228991596639,0.08911917079188701,Non-antimicrobial
VDAG_JR2_Chr1g13600,72.21422471910113,0.31743166332761996,Non-antimicrobial
VDAG_JR2_Chr1g13610,40.29868377755841,0.9999999697158939,Antimicrobial
VDAG_JR2_Chr1g13680,71.44956241956243,0.8876935181758542,Antimicrobial
VDAG_JR2_Chr1g13710,67.85029684601113,0.8934417912375293,Antimicrobial
VDAG_JR2_Chr1g13750,80.69272161741836,0.990208303628963,Antimicrobial
VDAG_JR2_Chr1g13810,77.73496646728294,0.017363252021182073,Non-antimicrobial
VDAG_JR2_Chr1g13930,53.164201958708304,0.0,Non-antimicrobial
VDAG_JR2_Chr1g13950,71.20076071256621,0.9495638208932843,Antimicrobial
VDAG_JR2_Chr1g14060,81.84470934030045,0.7579737003027425,Antimicrobial
VDAG_JR2_Chr1g14110,81.62250920810312,0.8270093084250563,Antimicrobial
VDAG_JR2_Chr1g14610,56.550876531573984,0.9619850598019193,Antimicrobial
VDAG_JR2_Chr1g14720,66.91074894252301,0.6050751411056036,Antimicrobial
VDAG_JR2_Chr1g14760,39.51204813906842,0.005163135105642437,Non-antimicrobial
VDAG_JR2_Chr1g14900,84.35778908188585,0.005235842560273147,Non-antimicrobial
VDAG_JR2_Chr1g14950,79.52272727272727,0.972628551293931,Antimicrobial
VDAG_JR2_Chr1g15040,77.69968535111481,0.8445376552178628,Antimicrobial
VDAG_JR2_Chr1g15200,81.90045208655332,0.9923572668737125,Antimicrobial
VDAG_JR2_Chr1g15380,73.15533250466129,0.9986759904445894,Antimicrobial
VDAG_JR2_Chr1g15410,37.47806879463636,0.0,Non-antimicrobial
VDAG_JR2_Chr1g15600,65.31533592644979,0.9992106929413967,Antimicrobial
VDAG_JR2_Chr1g15620,82.64264976228209,0.980558547163921,Antimicrobial
VDAG_JR2_Chr1g15860,78.98870353159852,0.7505913298351523,Antimicrobial
VDAG_JR2_Chr1g15890,23.184304376224688,0.1888085120553016,Non-antimicrobial
VDAG_JR2_Chr1g16220,89.4707452966715,0.7932159464232329,Antimicrobial
VDAG_JR2_Chr1g16590,89.69017127403846,0.9993852741305876,Antimicrobial
VDAG_JR2_Chr1g16600,74.29377291960509,0.3476920556972729,Non-antimicrobial
VDAG_JR2_Chr1g16750,88.56243802857975,0.03504508018492349,Non-antimicrobial
VDAG_JR2_Chr1g16980,54.05846390886171,0.0,Non-antimicrobial
VDAG_JR2_Chr1g17260,73.38771837708832,0.8719817246600886,Antimicrobial
VDAG_JR2_Chr1g17450,87.01295176848875,0.049241848419509286,Non-antimicrobial
VDAG_JR2_Chr1g17540,38.1018142968143,0.9999999999996323,Antimicrobial
VDAG_JR2_Chr1g17570,67.732121163426,0.8880786967577118,Antimicrobial
VDAG_JR2_Chr1g18430,48.6347530186608,0.0,Non-antimicrobial
VDAG_JR2_Chr1g18980,31.88270927092709,0.17958916809589412,Non-antimicrobial
VDAG_JR2_Chr1g19110,88.46674770039422,0.046115902532483544,Non-antimicrobial
VDAG_JR2_Chr1g19180,87.55604812989272,0.9893262224339298,Antimicrobial
VDAG_JR2_Chr1g19200,83.37988776249095,0.5110369160682589,Antimicrobial
VDAG_JR2_Chr1g19300,75.65306854957342,0.8351256847258722,Antimicrobial
VDAG_JR2_Chr1g19320,80.85150448585232,0.576080031956736,Antimicrobial
VDAG_JR2_Chr1g19470,73.75540067340067,0.9674182836254269,Antimicrobial
VDAG_JR2_Chr1g19600,63.71942458374143,0.9205161544483987,Antimicrobial
VDAG_JR2_Chr1g19810,74.56522821576765,0.03750127625656162,Non-antimicrobial
VDAG_JR2_Chr1g19900,72.25218847573092,0.011491006874647918,Non-antimicrobial
VDAG_JR2_Chr1g19970,65.54631578947368,0.17351844199487682,Non-antimicrobial
VDAG_JR2_Chr1g20240,64.40694331983805,0.8350242054607985,Antimicrobial
VDAG_JR2_Chr1g20270,85.22210465563678,0.9883613116944194,Antimicrobial
VDAG_JR2_Chr1g20330,81.23301819363223,0.011395051609882847,Non-antimicrobial
VDAG_JR2_Chr1g20440,71.84805899957246,0.0168770381313206,Non-antimicrobial
VDAG_JR2_Chr1g20460,76.81353496353496,0.6483091365142095,Antimicrobial
VDAG_JR2_Chr1g20500,46.611705889240135,0.0,Non-antimicrobial
VDAG_JR2_Chr1g21210,50.694144474034616,0.9999998981998238,Antimicrobial
VDAG_JR2_Chr1g21440,45.664683586025056,0.0,Non-antimicrobial
VDAG_JR2_Chr1g21450,64.62796640869422,0.8469556270519084,Antimicrobial
VDAG_JR2_Chr1g21560,82.07020608899298,0.05415331061955232,Non-antimicrobial
VDAG_JR2_Chr1g21660,69.4923102310231,0.009050622791112139,Non-antimicrobial
VDAG_JR2_Chr1g21690,83.91608048698004,0.9940743054413195,Antimicrobial
VDAG_JR2_Chr1g21870,75.13434044405746,0.8754028055600844,Antimicrobial
VDAG_JR2_Chr1g21900,86.70327709611452,0.3294190805578172,Non-antimicrobial
VDAG_JR2_Chr1g21970,56.77487012987013,0.5214257967319026,Antimicrobial
VDAG_JR2_Chr1g22090,80.29297089041096,0.7074875707572751,Antimicrobial
VDAG_JR2_Chr1g22100,67.84117834394904,0.00793473873163664,Non-antimicrobial
VDAG_JR2_Chr1g22230,34.084468892261,0.1574792345908274,Non-antimicrobial
VDAG_JR2_Chr1g22250,80.33215608792294,0.10153429877985748,Non-antimicrobial
VDAG_JR2_Chr1g22290,57.77518440145103,0.999652802516346,Antimicrobial
VDAG_JR2_Chr1g22350,87.6104327076042,0.0921464877234506,Non-antimicrobial
VDAG_JR2_Chr1g22410,88.83181677018632,0.9999988781397453,Antimicrobial
VDAG_JR2_Chr1g22490,80.58956474428727,0.8694271907257725,Antimicrobial
VDAG_JR2_Chr1g22700,79.70089213893966,0.9010537657299604,Antimicrobial
VDAG_JR2_Chr1g22770,84.68643556280588,0.9884980975649177,Antimicrobial
VDAG_JR2_Chr1g22790,76.84746217034154,0.9874335397639713,Antimicrobial
VDAG_JR2_Chr1g22850,70.25435456110155,0.3256636115969518,Non-antimicrobial
VDAG_JR2_Chr1g22960,56.2681309169597,0.2588200651114701,Non-antimicrobial
VDAG_JR2_Chr1g23270,85.69678591709257,0.7972998309057122,Antimicrobial
VDAG_JR2_Chr1g23360,56.63195007800312,0.9639988199153041,Antimicrobial
VDAG_JR2_Chr1g23420,81.146200324412,0.9782982076419469,Antimicrobial
VDAG_JR2_Chr1g23530,41.72588137472283,0.6670060170501185,Antimicrobial
VDAG_JR2_Chr1g23570,80.70513375295043,0.7504633867872847,Antimicrobial
VDAG_JR2_Chr1g23660,72.7073787252556,0.9086058416068156,Antimicrobial
VDAG_JR2_Chr1g23760,84.84822294776117,0.6282879117939097,Antimicrobial
VDAG_JR2_Chr1g23890,83.49917394014962,0.7671120999093681,Antimicrobial
VDAG_JR2_Chr1g24120,58.2816523061328,0.5508617822638334,Antimicrobial
VDAG_JR2_Chr1g24280,79.04070480081717,0.0285610762662497,Non-antimicrobial
VDAG_JR2_Chr1g24380,88.30970537261697,0.977423043456407,Antimicrobial
VDAG_JR2_Chr1g24660,72.04688201080181,0.002322630147627245,Non-antimicrobial
VDAG_JR2_Chr1g24730,50.6307783641161,0.9999991785558013,Antimicrobial
VDAG_JR2_Chr1g24880,77.68760994263862,0.7860167260197779,Antimicrobial
VDAG_JR2_Chr1g25020,83.62029213483147,0.9999022944860609,Antimicrobial
VDAG_JR2_Chr1g25100,80.77144551724138,0.9999681242070761,Antimicrobial
VDAG_JR2_Chr1g25430,84.28687203791469,0.9999275530718664,Antimicrobial
VDAG_JR2_Chr1g25570,83.94188136608747,0.7692569172774807,Antimicrobial
VDAG_JR2_Chr1g25850,36.27017634854772,0.7234232602627754,Antimicrobial
VDAG_JR2_Chr1g25920,77.04187923250564,0.2103143280121301,Non-antimicrobial
VDAG_JR2_Chr1g26140,40.10537148594377,0.0054870192950282936,Non-antimicrobial
VDAG_JR2_Chr1g26180,81.9589264305177,0.08899487597485105,Non-antimicrobial
VDAG_JR2_Chr1g26200,86.60757333333333,0.0007053251869308429,Non-antimicrobial
VDAG_JR2_Chr1g26230,80.3520834304358,0.9872063266434392,Antimicrobial
VDAG_JR2_Chr1g26290,75.08358443413067,0.011348111168261253,Non-antimicrobial
VDAG_JR2_Chr1g26400,87.405312858783,0.6304600124420059,Antimicrobial
VDAG_JR2_Chr1g26450,43.778232758620696,0.019296842424242486,Non-antimicrobial
VDAG_JR2_Chr1g26460,78.19151888561478,0.31464976039072673,Non-antimicrobial
VDAG_JR2_Chr1g26550,84.31544674406864,0.0022076659412404187,Non-antimicrobial
VDAG_JR2_Chr1g26710,79.51132648694907,0.5542187562243123,Antimicrobial
VDAG_JR2_Chr1g27090,51.81447963800905,0.4807198148142677,Non-antimicrobial
VDAG_JR2_Chr1g27160,66.73745811669555,0.007686825448456698,Non-antimicrobial
VDAG_JR2_Chr1g27170,30.270396158463384,0.057467519505271625,Non-antimicrobial
VDAG_JR2_Chr1g27180,79.83613416988416,0.4405620772766937,Non-antimicrobial
VDAG_JR2_Chr1g27190,55.4022301668369,0.0072300793034855764,Non-antimicrobial
VDAG_JR2_Chr1g27200,79.23082677165354,0.5109719921741799,Antimicrobial
VDAG_JR2_Chr1g27290,81.25902382943144,0.08090256105819175,Non-antimicrobial
VDAG_JR2_Chr1g27310,35.866654135338344,0.011951753525954366,Non-antimicrobial
VDAG_JR2_Chr1g27330,77.98782735208535,0.9976995260751839,Antimicrobial
VDAG_JR2_Chr1g27400,31.74588199139521,0.5560669104422155,Antimicrobial
VDAG_JR2_Chr1g27420,56.21351125938282,0.9094207281735363,Antimicrobial
VDAG_JR2_Chr1g27610,80.53524,0.595951834905229,Antimicrobial
VDAG_JR2_Chr1g27780,77.34291109969168,0.009109795084407634,Non-antimicrobial
VDAG_JR2_Chr1g27790,68.52799836934366,0.9907826578852282,Antimicrobial
VDAG_JR2_Chr1g27990,60.44880255455029,0.9198375052757896,Antimicrobial
VDAG_JR2_Chr1g28060,75.44645550271738,0.9981521770755647,Antimicrobial
VDAG_JR2_Chr1g28080,33.98954415954416,0.00041363664493158166,Non-antimicrobial
VDAG_JR2_Chr1g28090,89.82272277227723,0.041804935236673696,Non-antimicrobial
VDAG_JR2_Chr1g28120,85.09289599411981,0.00824846166952102,Non-antimicrobial
VDAG_JR2_Chr1g28160,40.71688114387847,0.043804511659695906,Non-antimicrobial
VDAG_JR2_Chr1g28180,75.27186938002839,0.45404499916631125,Non-antimicrobial
VDAG_JR2_Chr1g28200,86.67741321388579,0.8966878830673797,Antimicrobial
VDAG_JR2_Chr1g28210,88.20235166425469,0.8545679696420023,Antimicrobial
VDAG_JR2_Chr1g28220,88.90197034911526,0.6368191134174122,Antimicrobial
VDAG_JR2_Chr1g28240,88.69824992228786,0.5301427633988818,Antimicrobial
VDAG_JR2_Chr1g28250,85.9747253281478,0.027176725774670972,Non-antimicrobial
VDAG_JR2_Chr1g28270,63.40046585940129,0.34070626574038204,Non-antimicrobial
VDAG_JR2_Chr1g28360,80.22962070732957,0.7738104776019811,Antimicrobial
VDAG_JR2_Chr1g28720,78.09390693832599,0.25678574989466124,Non-antimicrobial
VDAG_JR2_Chr1g28780,76.87087433916226,0.06094801350981295,Non-antimicrobial
VDAG_JR2_Chr1g28810,94.23002982107356,0.1596347214735259,Non-antimicrobial
VDAG_JR2_Chr1g28840,65.61067264573991,0.18341253751327355,Non-antimicrobial
VDAG_JR2_Chr1g28900,76.82529375764994,0.9999408843988566,Antimicrobial
VDAG_JR2_Chr1g28960,58.70283944243676,0.3690299950184674,Non-antimicrobial
VDAG_JR2_Chr1g28970,82.91722539052816,0.34783312096063174,Non-antimicrobial
VDAG_JR2_Chr1g28980,81.77740167633785,0.013554151274272617,Non-antimicrobial
VDAG_JR2_Chr1g28990,32.63405979543666,0.4767418540835161,Non-antimicrobial
VDAG_JR2_Chr1g29200,33.21361228175798,0.9976730317545573,Antimicrobial
VDAG_JR2_Chr1g29480,77.98612748710391,0.0012603278657930962,Non-antimicrobial
VDAG_JR2_Chr1g29500,40.20354437535331,0.9952478977460971,Antimicrobial
VDAG_JR2_Chr1g29650,51.64610004631773,0.0,Non-antimicrobial
VDAG_JR2_Chr1g29710,80.9656715210356,0.9037304171563871,Antimicrobial
VDAG_JR2_Chr1g29730,77.67391424075532,0.4959500664077095,Antimicrobial
VDAG_JR2_Chr1g29760,69.6776282051282,0.9704933409926906,Antimicrobial
VDAG_JR2_Chr1g29780,57.93745609504133,0.7541730154361183,Antimicrobial
VDAG_JR2_Chr2g00180,77.09712344608269,0.0901784217310598,Non-antimicrobial
VDAG_JR2_Chr2g00230,29.497665338645422,0.0808415873106347,Non-antimicrobial
VDAG_JR2_Chr2g00240,86.80918166939445,0.47591449434377636,Non-antimicrobial
VDAG_JR2_Chr2g00430,86.49007481296759,0.9762370455650118,Antimicrobial
VDAG_JR2_Chr2g00540,83.05121069750633,0.39839687660630063,Non-antimicrobial
VDAG_JR2_Chr2g00550,87.46341483073616,0.9501100314233929,Antimicrobial
VDAG_JR2_Chr2g00660,72.08431152477415,0.9980972991147289,Antimicrobial
VDAG_JR2_Chr2g00720,74.68264697364611,0.9997657367598409,Antimicrobial
VDAG_JR2_Chr2g00750,88.79398072289158,0.42074462152418896,Non-antimicrobial
VDAG_JR2_Chr2g00770,55.96558041112455,0.9968341035874022,Antimicrobial
VDAG_JR2_Chr2g01000,65.40824828263004,0.001388848250763008,Non-antimicrobial
VDAG_JR2_Chr2g01590,86.23822614107884,0.8800602507740618,Antimicrobial
VDAG_JR2_Chr2g01950,67.07459368703827,0.14238658837535786,Non-antimicrobial
VDAG_JR2_Chr2g02170,86.28388667425969,0.5967640697541587,Antimicrobial
VDAG_JR2_Chr2g02220,83.35233031674207,0.9977039879470704,Antimicrobial
VDAG_JR2_Chr2g02270,83.9537140246688,0.8320949387087366,Antimicrobial
VDAG_JR2_Chr2g02460,79.28439371479395,0.9985216637748447,Antimicrobial
VDAG_JR2_Chr2g02490,79.92571105456601,0.9676208135698585,Antimicrobial
VDAG_JR2_Chr2g02500,64.20313758389261,0.4451438022413834,Non-antimicrobial
VDAG_JR2_Chr2g02860,79.37075437537719,0.7091037419104979,Antimicrobial
VDAG_JR2_Chr2g02960,86.37803070407624,0.7725846302342146,Antimicrobial
VDAG_JR2_Chr2g02980,87.18744134078213,0.9964654329494441,Antimicrobial
VDAG_JR2_Chr2g02990,32.0432598274209,0.5052001241689148,Antimicrobial
VDAG_JR2_Chr2g03100,72.16177711738484,0.9337510007201804,Antimicrobial
VDAG_JR2_Chr2g03190,67.82696099674973,0.21384574912197582,Non-antimicrobial
VDAG_JR2_Chr2g03530,80.59613312746612,0.9328580571076391,Antimicrobial
VDAG_JR2_Chr2g03630,81.80771941343838,0.5730380891966242,Antimicrobial
VDAG_JR2_Chr2g03680,71.15103215284249,1.0,Antimicrobial
VDAG_JR2_Chr2g03900,82.41630222841225,0.9779761054961896,Antimicrobial
VDAG_JR2_Chr2g04050,50.81989537444934,0.6001850819739649,Antimicrobial
VDAG_JR2_Chr2g04070,87.87712591471107,0.7534889065953799,Antimicrobial
VDAG_JR2_Chr2g04100,77.61876019575855,0.9198255480630039,Antimicrobial
VDAG_JR2_Chr2g04130,39.83905808477236,0.21210790715283612,Non-antimicrobial
VDAG_JR2_Chr2g04300,85.58240334679746,0.9534894869864141,Antimicrobial
VDAG_JR2_Chr2g04320,43.91568161829375,0.12262841568256913,Non-antimicrobial
VDAG_JR2_Chr2g04340,55.2994731064764,0.7759913245986819,Antimicrobial
VDAG_JR2_Chr2g04370,74.56911900065747,0.9328358687515685,Antimicrobial
VDAG_JR2_Chr2g04430,83.83005457853245,0.9058705242738182,Antimicrobial
VDAG_JR2_Chr2g04470,77.1012219518789,0.9999998238087475,Antimicrobial
VDAG_JR2_Chr2g04510,91.1680945475638,0.9874878168221481,Antimicrobial
VDAG_JR2_Chr2g04560,87.51260095011877,0.7587217766645078,Antimicrobial
VDAG_JR2_Chr2g04570,86.59175845410628,0.6492570924630259,Antimicrobial
VDAG_JR2_Chr2g04640,53.28556807209526,0.5373702246356401,Antimicrobial
VDAG_JR2_Chr2g04680,86.47868697859992,0.251714112134711,Non-antimicrobial
VDAG_JR2_Chr2g04730,80.03390557939915,0.924496073478276,Antimicrobial
VDAG_JR2_Chr2g04780,73.85077537502434,0.9913395867537415,Antimicrobial
VDAG_JR2_Chr2g04790,89.40243243243243,0.3440567915170709,Non-antimicrobial
VDAG_JR2_Chr2g04950,54.154922360248456,0.005698871586173044,Non-antimicrobial
VDAG_JR2_Chr2g04960,84.82046898638426,0.9994447915781165,Antimicrobial
VDAG_JR2_Chr2g04970,66.78208391608392,0.852342174139997,Antimicrobial
VDAG_JR2_Chr2g05430,76.58566422354558,0.008570399671442085,Non-antimicrobial
VDAG_JR2_Chr2g05490,69.777997899895,0.9972852361041952,Antimicrobial
VDAG_JR2_Chr2g05810,84.36421052631579,0.9767476680544034,Antimicrobial
VDAG_JR2_Chr2g06320,60.68210155148096,0.5978702282386612,Antimicrobial
VDAG_JR2_Chr2g06370,55.35502835538752,0.0028727377611784664,Non-antimicrobial
VDAG_JR2_Chr2g06400,44.94681030212976,0.02970142134253461,Non-antimicrobial
VDAG_JR2_Chr2g06660,70.50649327354259,0.7843707344881231,Antimicrobial
VDAG_JR2_Chr2g06760,54.396949537279546,0.735592858293473,Antimicrobial
VDAG_JR2_Chr2g06820,76.97666836995403,0.6082816427546949,Antimicrobial
VDAG_JR2_Chr2g06830,80.43352789837594,0.999862112560696,Antimicrobial
VDAG_JR2_Chr2g06850,65.60723645320198,0.3745026097111796,Non-antimicrobial
VDAG_JR2_Chr2g06860,49.33664418212479,0.8536215450291326,Antimicrobial
VDAG_JR2_Chr2g06960,71.92465543071161,0.0831475519032797,Non-antimicrobial
VDAG_JR2_Chr2g07150,60.05704225352113,0.9985917743894456,Antimicrobial
VDAG_JR2_Chr2g07160,40.51986801242236,0.9999492900001348,Antimicrobial
VDAG_JR2_Chr2g07350,66.35068412162163,0.9921024972090065,Antimicrobial
VDAG_JR2_Chr2g07410,53.07466916940403,0.9763075319824948,Antimicrobial
VDAG_JR2_Chr2g07480,45.2512739965096,0.9810449602690702,Antimicrobial
VDAG_JR2_Chr2g07730,76.5977006937562,0.1771182481732494,Non-antimicrobial
VDAG_JR2_Chr2g08010,67.25043083003952,0.014616088848500061,Non-antimicrobial
VDAG_JR2_Chr2g08040,57.81947379324632,0.0,Non-antimicrobial
VDAG_JR2_Chr2g08500,76.49716876729173,0.9860105735574946,Antimicrobial
VDAG_JR2_Chr2g08550,81.67462157048251,0.004889396148811615,Non-antimicrobial
VDAG_JR2_Chr2g08680,84.38705563093623,0.992062208249794,Antimicrobial
VDAG_JR2_Chr2g08750,72.09476838448177,0.028545730014546248,Non-antimicrobial
VDAG_JR2_Chr2g08790,79.94027920962199,0.9655453297471863,Antimicrobial
VDAG_JR2_Chr2g08810,85.79933333333334,0.9719324477984553,Antimicrobial
VDAG_JR2_Chr2g08860,74.49265718562874,0.9656399875160591,Antimicrobial
VDAG_JR2_Chr2g08920,67.13718383311604,0.7850431877883907,Antimicrobial
VDAG_JR2_Chr2g09110,40.15090196078432,0.27182224873835287,Non-antimicrobial
VDAG_JR2_Chr2g09570,28.327020250723244,0.24279791735889902,Non-antimicrobial
VDAG_JR2_Chr2g09650,40.584887105803325,0.0,Non-antimicrobial
VDAG_JR2_Chr2g09660,59.119733647399904,5.748466171609622e-289,Non-antimicrobial
VDAG_JR2_Chr2g09720,46.89017833840801,0.14538742419923978,Non-antimicrobial
VDAG_JR2_Chr2g10630,70.77725247524752,0.020714792946409644,Non-antimicrobial
VDAG_JR2_Chr2g10790,64.47434724763013,0.0021362453494789086,Non-antimicrobial
VDAG_JR2_Chr2g10800,42.35467113843861,0.0,Non-antimicrobial
VDAG_JR2_Chr2g10820,52.38189754689755,0.0015500384814183296,Non-antimicrobial
VDAG_JR2_Chr2g10960,70.38608108108107,0.5555521151448416,Antimicrobial
VDAG_JR2_Chr2g10970,79.44757688032605,0.9459676215278596,Antimicrobial
VDAG_JR2_Chr2g11220,40.05291347411699,0.0,Non-antimicrobial
VDAG_JR2_Chr2g11230,73.1567664319249,0.9940614796013422,Antimicrobial
VDAG_JR2_Chr2g11990,67.705216089003,0.0,Non-antimicrobial
VDAG_JR2_Chr2g12030,85.79572832886505,0.9355512946451433,Antimicrobial
VDAG_JR2_Chr2g12050,57.39263924281033,0.9999998985688182,Antimicrobial
VDAG_JR2_Chr2g12110,87.21943151298119,0.7294650259649288,Antimicrobial
VDAG_JR2_Chr2g12120,82.61618707179028,0.9993121519829326,Antimicrobial
VDAG_JR2_Chr2g12330,70.078487064117,0.8463320940420163,Antimicrobial
VDAG_JR2_Chr2g12450,22.87411314630188,1.0,Antimicrobial
VDAG_JR2_Chr2g12930,46.2672278978389,0.024214089054628365,Non-antimicrobial
VDAG_JR2_Chr2g13240,73.31054059652031,0.14380581700352352,Non-antimicrobial
VDAG_JR2_Chr2g13260,59.48142564802183,0.6253148794557124,Antimicrobial
VDAG_JR2_Chr3g00110,76.30860211606284,0.9737345520009071,Antimicrobial
VDAG_JR2_Chr3g00370,41.5734208955224,0.9994751545171321,Antimicrobial
VDAG_JR2_Chr3g00570,69.76850797266515,0.13289389378969627,Non-antimicrobial
VDAG_JR2_Chr3g00620,65.85175494071146,0.10587951057494235,Non-antimicrobial
VDAG_JR2_Chr3g00760,50.8835289514867,0.9569532654074908,Antimicrobial
VDAG_JR2_Chr3g00770,72.88451008645534,0.6209417022664692,Antimicrobial
VDAG_JR2_Chr3g00790,77.47188384577844,0.9844674792283903,Antimicrobial
VDAG_JR2_Chr3g00800,85.30850641773628,0.9762135392127499,Antimicrobial
VDAG_JR2_Chr3g01290,68.3318752348741,0.032714425725073555,Non-antimicrobial
VDAG_JR2_Chr3g01480,81.14279279279279,0.9791699612930191,Antimicrobial
VDAG_JR2_Chr3g01520,75.11423447743925,0.926768466243969,Antimicrobial
VDAG_JR2_Chr3g01910,77.99439130434783,0.004880307354474259,Non-antimicrobial
VDAG_JR2_Chr3g01970,49.55878741366078,0.0014031388801465242,Non-antimicrobial
VDAG_JR2_Chr3g01980,26.211627358490567,0.7253384681649392,Antimicrobial
VDAG_JR2_Chr3g02020,87.24928065201983,0.9995086815466702,Antimicrobial
VDAG_JR2_Chr3g02100,63.04398062015504,0.9967246710991616,Antimicrobial
VDAG_JR2_Chr3g02240,47.08755972696246,0.12059204950173452,Non-antimicrobial
VDAG_JR2_Chr3g02260,83.3377245508982,0.7741263611563742,Antimicrobial
VDAG_JR2_Chr3g02270,78.46789680314077,0.7492700247503339,Antimicrobial
VDAG_JR2_Chr3g02370,39.27764423076923,0.04365923408323488,Non-antimicrobial
VDAG_JR2_Chr3g02730,70.41824,0.9467767614409824,Antimicrobial
VDAG_JR2_Chr3g02970,89.94682363394047,0.9824547142307549,Antimicrobial
VDAG_JR2_Chr3g03040,73.32229347198152,0.9982243257016847,Antimicrobial
VDAG_JR2_Chr3g03090,70.11334356500767,0.9683203775344146,Antimicrobial
VDAG_JR2_Chr3g03190,81.05361242236025,0.9952246485288357,Antimicrobial
VDAG_JR2_Chr3g03370,73.8840664652568,0.05441134724913472,Non-antimicrobial
VDAG_JR2_Chr3g03530,80.20719369038885,0.9882895401186731,Antimicrobial
VDAG_JR2_Chr3g03810,83.80212022214961,0.9746311215007251,Antimicrobial
VDAG_JR2_Chr3g04120,84.3687824858757,0.8859544899028455,Antimicrobial
VDAG_JR2_Chr3g04160,33.696996966632966,0.014073522991466442,Non-antimicrobial
VDAG_JR2_Chr3g04900,75.83034648700675,0.8709216310443357,Antimicrobial
VDAG_JR2_Chr3g05060,52.46967330270546,0.4608041637230268,Non-antimicrobial
VDAG_JR2_Chr3g05360,83.92295341688343,0.0005421925777965262,Non-antimicrobial
VDAG_JR2_Chr3g05390,63.085330645161285,0.3183472732879449,Non-antimicrobial
VDAG_JR2_Chr3g05430,77.03108820921986,0.080672135610178,Non-antimicrobial
VDAG_JR2_Chr3g05450,86.21446845794394,0.1547502672011303,Non-antimicrobial
VDAG_JR2_Chr3g05480,86.96111111111111,0.5886480436886306,Antimicrobial
VDAG_JR2_Chr3g05550,62.02809561128527,0.8995779464336805,Antimicrobial
VDAG_JR2_Chr3g05560,56.25941259021652,0.9999747964700009,Antimicrobial
VDAG_JR2_Chr3g05620,77.08214532871972,0.9230592907429958,Antimicrobial
VDAG_JR2_Chr3g05630,52.137438423645314,0.9922052936769968,Antimicrobial
VDAG_JR2_Chr3g05790,91.97171070552984,0.46416220410625425,Non-antimicrobial
VDAG_JR2_Chr3g06020,25.96599013657056,0.9782844784626907,Antimicrobial
VDAG_JR2_Chr3g06070,27.60882117882118,0.9998810052735931,Antimicrobial
VDAG_JR2_Chr3g06140,58.2430223880597,0.00860696926593218,Non-antimicrobial
VDAG_JR2_Chr3g06270,81.08550951847704,0.2078309118875453,Non-antimicrobial
VDAG_JR2_Chr3g06310,87.54029108411643,0.0857896128063725,Non-antimicrobial
VDAG_JR2_Chr3g06370,51.19100386100386,0.03229057574042391,Non-antimicrobial
VDAG_JR2_Chr3g06450,66.8883467579541,0.9999982743034654,Antimicrobial
VDAG_JR2_Chr3g06580,77.61240783857198,0.6602115360113596,Antimicrobial
VDAG_JR2_Chr3g06930,75.83454608334773,0.8283415723736612,Antimicrobial
VDAG_JR2_Chr3g07180,68.19430326543808,1.5853083751310353e-05,Non-antimicrobial
VDAG_JR2_Chr3g07220,54.18874768432752,0.9936272982531162,Antimicrobial
VDAG_JR2_Chr3g07790,50.33666299559472,0.8110908746646059,Antimicrobial
VDAG_JR2_Chr3g07810,51.01313700384123,0.9865860722160302,Antimicrobial
VDAG_JR2_Chr3g08520,64.15349127182044,0.46798502671646336,Non-antimicrobial
VDAG_JR2_Chr3g08650,77.47335719233433,0.9935812125569543,Antimicrobial
VDAG_JR2_Chr3g08710,80.53019587268275,0.0009933294172226371,Non-antimicrobial
VDAG_JR2_Chr3g08990,58.414606557377056,0.16298858361853263,Non-antimicrobial
VDAG_JR2_Chr3g09120,81.55941560367843,0.016033874884052984,Non-antimicrobial
VDAG_JR2_Chr3g09210,82.55538358008076,0.7579111502882212,Antimicrobial
VDAG_JR2_Chr3g09310,79.43632798573975,0.310481292441671,Non-antimicrobial
VDAG_JR2_Chr3g09700,52.26556482183472,0.3628675665420589,Non-antimicrobial
VDAG_JR2_Chr3g09740,81.55523328889736,0.011250270209705999,Non-antimicrobial
VDAG_JR2_Chr3g10290,88.82622939560441,0.2959235450866372,Non-antimicrobial
VDAG_JR2_Chr3g10420,81.38642362525458,0.08052442315409106,Non-antimicrobial
VDAG_JR2_Chr3g10480,87.8597838368951,0.38632627527499386,Non-antimicrobial
VDAG_JR2_Chr3g10500,29.24494892167991,0.0006122528840093011,Non-antimicrobial
VDAG_JR2_Chr3g10640,86.77856647685071,0.7337670172358307,Antimicrobial
VDAG_JR2_Chr3g10940,90.83525689223056,0.7163632628407958,Antimicrobial
VDAG_JR2_Chr3g11080,88.20088897992626,0.010525967034205675,Non-antimicrobial
VDAG_JR2_Chr3g11150,88.67558547117095,0.9523890770237557,Antimicrobial
VDAG_JR2_Chr3g11400,71.71876867030964,0.7204955372906993,Antimicrobial
VDAG_JR2_Chr3g11490,62.01035294117647,0.4428776168733521,Non-antimicrobial
VDAG_JR2_Chr3g11700,61.23944129554656,0.6671640812130151,Antimicrobial
VDAG_JR2_Chr3g11710,92.0725408719346,0.9586521753696687,Antimicrobial
VDAG_JR2_Chr3g11820,78.75462105263158,0.346587280603198,Non-antimicrobial
VDAG_JR2_Chr3g11890,41.53948231233822,0.005008008942603371,Non-antimicrobial
VDAG_JR2_Chr3g11910,64.17587734241907,0.999997532518698,Antimicrobial
VDAG_JR2_Chr3g11980,69.78230122116689,0.9928524679039753,Antimicrobial
VDAG_JR2_Chr3g12010,88.04641748366014,0.9797315967365079,Antimicrobial
VDAG_JR2_Chr3g12130,80.7487414187643,0.9870713629502201,Antimicrobial
VDAG_JR2_Chr3g12210,83.90883460438512,0.0033201342844388004,Non-antimicrobial
VDAG_JR2_Chr3g12260,51.684964734743936,0.02675756393357859,Non-antimicrobial
VDAG_JR2_Chr3g12300,81.07011202068074,0.2954781508719773,Non-antimicrobial
VDAG_JR2_Chr3g12340,54.59491955666787,0.9559722789290512,Antimicrobial
VDAG_JR2_Chr3g12600,65.91017058255551,0.98096389769734,Antimicrobial
VDAG_JR2_Chr3g12630,80.86686035898995,0.19430277875157603,Non-antimicrobial
VDAG_JR2_Chr3g12850,80.74945548489666,0.9199825812441126,Antimicrobial
VDAG_JR2_Chr3g12920,80.02825873465534,0.9984047842494292,Antimicrobial
VDAG_JR2_Chr3g12930,78.45945498263424,0.7398779686638324,Antimicrobial
VDAG_JR2_Chr3g12940,80.60062121212121,0.12344213371634118,Non-antimicrobial
VDAG_JR2_Chr3g13050,68.48877586206898,0.6438534284598119,Antimicrobial
VDAG_JR2_Chr3g13080,89.17184341637011,0.11006493016944438,Non-antimicrobial
VDAG_JR2_Chr3g13230,48.35706742485784,0.004260561235179737,Non-antimicrobial
VDAG_JR2_Chr3g13350,23.710461259393625,0.999999999899716,Antimicrobial
VDAG_JR2_Chr3g13430,83.08842976417166,0.03302478099043963,Non-antimicrobial
VDAG_JR2_Chr3g13460,30.985546116504853,0.10146927103937628,Non-antimicrobial
VDAG_JR2_Chr3g13470,87.80657142857144,0.9900854128255137,Antimicrobial
VDAG_JR2_Chr3g13500,83.19089552238806,0.37129773448963327,Non-antimicrobial
VDAG_JR2_Chr4g00020,78.47000404367165,0.02728242633905916,Non-antimicrobial
VDAG_JR2_Chr4g00210,76.39592130724576,0.06437644687777291,Non-antimicrobial
VDAG_JR2_Chr4g00380,79.44259643916914,0.9201411714002132,Antimicrobial
VDAG_JR2_Chr4g00540,60.53627786752826,0.9928773944214238,Antimicrobial
VDAG_JR2_Chr4g00650,65.14173396674583,0.5803453969800298,Antimicrobial
VDAG_JR2_Chr4g00830,64.15417261904761,0.26575124170948927,Non-antimicrobial
VDAG_JR2_Chr4g00890,67.98141991924629,0.9923341914689655,Antimicrobial
VDAG_JR2_Chr4g00970,76.21465900383141,0.5649762520179586,Antimicrobial
VDAG_JR2_Chr4g01030,33.1238597972973,0.5582311264517856,Antimicrobial
VDAG_JR2_Chr4g01250,63.83150246305418,0.00743693914517904,Non-antimicrobial
VDAG_JR2_Chr4g01570,82.59004007285975,0.8708705958234128,Antimicrobial
VDAG_JR2_Chr4g01600,75.32015444015444,0.4164443651779429,Non-antimicrobial
VDAG_JR2_Chr4g01650,74.50125217391304,0.9927693660586778,Antimicrobial
VDAG_JR2_Chr4g01930,88.3624393495068,0.4087754739957529,Non-antimicrobial
VDAG_JR2_Chr4g02050,91.83537097526832,0.9887548499742179,Antimicrobial
VDAG_JR2_Chr4g02240,66.56097539015606,0.9778807745054527,Antimicrobial
VDAG_JR2_Chr4g02250,86.80671015083573,0.0004610977869965954,Non-antimicrobial
VDAG_JR2_Chr4g02340,80.66539693593316,0.04551062903396466,Non-antimicrobial
VDAG_JR2_Chr4g02460,52.28469678953628,0.08375230808629215,Non-antimicrobial
VDAG_JR2_Chr4g02950,85.63148803670927,0.985230313373095,Antimicrobial
VDAG_JR2_Chr4g03040,89.05639586410635,0.8635439897872529,Antimicrobial
VDAG_JR2_Chr4g03090,65.914081769437,0.6537407150390956,Antimicrobial
VDAG_JR2_Chr4g03120,83.50273131425395,0.7736079583635619,Antimicrobial
VDAG_JR2_Chr4g03150,58.95769453376206,0.6670067788150666,Antimicrobial
VDAG_JR2_Chr4g03650,44.685061728395056,0.03422072080457423,Non-antimicrobial
VDAG_JR2_Chr4g03680,43.22454072790294,0.9579183894260319,Antimicrobial
VDAG_JR2_Chr4g03890,44.62628670120898,0.005998677002807919,Non-antimicrobial
VDAG_JR2_Chr4g04190,60.84654223968565,1.6753282381291545e-08,Non-antimicrobial
VDAG_JR2_Chr4g04280,60.07036592026215,0.14054750305375163,Non-antimicrobial
VDAG_JR2_Chr4g04330,84.60571011318,0.740798020008453,Antimicrobial
VDAG_JR2_Chr4g04340,50.31547504403993,0.9999998858876745,Antimicrobial
VDAG_JR2_Chr4g04380,86.78399820305481,0.8417370634386822,Antimicrobial
VDAG_JR2_Chr4g04400,51.89920560747664,0.21399308901992767,Non-antimicrobial
VDAG_JR2_Chr4g04410,80.43682474226803,0.68856394696799,Antimicrobial
VDAG_JR2_Chr4g04430,85.52242842792566,0.8296891214175061,Antimicrobial
VDAG_JR2_Chr4g04440,67.0924147933285,0.8998712887007599,Antimicrobial
VDAG_JR2_Chr4g04450,91.33525529265256,0.6282002436470318,Antimicrobial
VDAG_JR2_Chr4g04650,70.48506984387839,0.987701521327016,Antimicrobial
VDAG_JR2_Chr4g04660,84.95869152303904,0.20502478726176712,Non-antimicrobial
VDAG_JR2_Chr4g04810,45.09022883295194,0.009521045028642415,Non-antimicrobial
VDAG_JR2_Chr4g04820,84.38668292682928,0.3461551897937123,Non-antimicrobial
VDAG_JR2_Chr4g05100,74.68629416598192,0.7800988310623533,Antimicrobial
VDAG_JR2_Chr4g05320,72.20309395863865,0.9999912456520338,Antimicrobial
VDAG_JR2_Chr4g05690,55.623486344192166,0.9960638491089872,Antimicrobial
VDAG_JR2_Chr4g05910,78.14775810405885,0.9999950005994137,Antimicrobial
VDAG_JR2_Chr4g05920,87.19367924528302,0.017471438748436225,Non-antimicrobial
VDAG_JR2_Chr4g05950,88.41753125,0.49422774940988656,Non-antimicrobial
VDAG_JR2_Chr4g05955,84.20495906858287,0.9965468095748412,Antimicrobial
VDAG_JR2_Chr4g06090,58.63289097590854,0.8240498912316463,Antimicrobial
VDAG_JR2_Chr4g06200,82.16539989264628,0.9198966589077396,Antimicrobial
VDAG_JR2_Chr4g06240,48.60212480252765,0.24176574835935166,Non-antimicrobial
VDAG_JR2_Chr4g06340,42.1993992248062,0.9999998546743882,Antimicrobial
VDAG_JR2_Chr4g06560,71.13016113744077,0.6872057157566871,Antimicrobial
VDAG_JR2_Chr4g06600,88.04871418074946,0.8796477442960482,Antimicrobial
VDAG_JR2_Chr4g06670,72.19371006776379,0.8920385405416229,Antimicrobial
VDAG_JR2_Chr4g06710,81.80410212765958,0.8430988163222658,Antimicrobial
VDAG_JR2_Chr4g07090,80.4761464019851,0.05874358402867131,Non-antimicrobial
VDAG_JR2_Chr4g07120,84.73941387559807,0.6824257646674953,Antimicrobial
VDAG_JR2_Chr4g07320,86.69144190871368,0.9534681040566795,Antimicrobial
VDAG_JR2_Chr4g07440,55.980227572559365,0.012402799604769171,Non-antimicrobial
VDAG_JR2_Chr4g07990,77.78529787234044,0.3309929148922514,Non-antimicrobial
VDAG_JR2_Chr4g08660,81.70618343195267,0.05682043544560926,Non-antimicrobial
VDAG_JR2_Chr4g08670,69.54153630501823,0.222152520850975,Non-antimicrobial
VDAG_JR2_Chr4g09190,36.65400662251656,0.017136097005467123,Non-antimicrobial
VDAG_JR2_Chr4g09630,84.00139015728057,0.13649771788403076,Non-antimicrobial
VDAG_JR2_Chr4g09720,87.43012396694215,0.10318369457936592,Non-antimicrobial
VDAG_JR2_Chr4g09780,67.0485031512605,0.9317137155411653,Antimicrobial
VDAG_JR2_Chr4g09790,87.71627101879326,0.9663046299959751,Antimicrobial
VDAG_JR2_Chr4g09870,79.3910602522186,0.9592641650490257,Antimicrobial
VDAG_JR2_Chr4g09960,76.17825085324232,0.9875322680634436,Antimicrobial
VDAG_JR2_Chr4g09970,77.70612191650854,0.810906735867833,Antimicrobial
VDAG_JR2_Chr4g09990,60.505063788027485,0.6600046100278577,Antimicrobial
VDAG_JR2_Chr4g10070,68.6119806403574,0.6445345646065557,Antimicrobial
VDAG_JR2_Chr4g10160,31.618255695341723,0.9999999702975475,Antimicrobial
VDAG_JR2_Chr4g10170,81.23208147487364,0.9968187016223956,Antimicrobial
VDAG_JR2_Chr4g10190,62.0882001614205,0.9613674673039879,Antimicrobial
VDAG_JR2_Chr4g10200,63.40383104125738,0.16730513697413626,Non-antimicrobial
VDAG_JR2_Chr4g10230,80.66714579356922,0.5879825445746908,Antimicrobial
VDAG_JR2_Chr4g10260,69.73529464285714,0.14754050964605855,Non-antimicrobial
VDAG_JR2_Chr4g10380,44.4591586073501,0.005623034786699209,Non-antimicrobial
VDAG_JR2_Chr4g10410,84.2997,0.8923626820639695,Antimicrobial
VDAG_JR2_Chr4g10420,81.1279799209005,0.9999976932516208,Antimicrobial
VDAG_JR2_Chr4g10470,54.75240777666998,0.4398007196317396,Non-antimicrobial
VDAG_JR2_Chr4g10870,83.01043142926005,0.9999967446433532,Antimicrobial
VDAG_JR2_Chr4g10880,86.84486830926083,0.919938458986492,Antimicrobial
VDAG_JR2_Chr4g10990,84.48758020477815,0.8577442454752962,Antimicrobial
VDAG_JR2_Chr4g11050,87.90597286565188,0.010575247391173633,Non-antimicrobial
VDAG_JR2_Chr4g11060,82.87330349531116,0.9988804415296711,Antimicrobial
VDAG_JR2_Chr4g11100,81.91827747252748,0.9973002855672477,Antimicrobial
VDAG_JR2_Chr4g11180,77.71387400434467,0.14092223649089736,Non-antimicrobial
VDAG_JR2_Chr4g11210,32.07956698240866,0.7364706132060104,Antimicrobial
VDAG_JR2_Chr4g11220,86.74168615616748,0.06822809477585662,Non-antimicrobial
VDAG_JR2_Chr4g11290,86.17827376938638,0.30330062214493664,Non-antimicrobial
VDAG_JR2_Chr4g11330,63.49332563510393,0.563411385766796,Antimicrobial
VDAG_JR2_Chr4g11440,84.22749338274218,0.9852564973579622,Antimicrobial
VDAG_JR2_Chr4g11500,81.78267620561738,0.999682153178234,Antimicrobial
VDAG_JR2_Chr4g11540,75.57434384164223,0.18104005262414657,Non-antimicrobial
VDAG_JR2_Chr4g11550,46.601257783312576,0.9121793039820615,Antimicrobial
VDAG_JR2_Chr4g11560,88.8600062932662,0.9258431531444404,Antimicrobial
VDAG_JR2_Chr4g11580,90.0787336412625,0.9312470286887532,Antimicrobial
VDAG_JR2_Chr4g11590,85.09784774101743,0.9737837249690731,Antimicrobial
VDAG_JR2_Chr4g11640,22.094566955929896,0.0,Non-antimicrobial
VDAG_JR2_Chr4g11700,85.58849841700588,0.012933323920246268,Non-antimicrobial
VDAG_JR2_Chr4g11710,94.1297552910053,0.2827566754888598,Non-antimicrobial
VDAG_JR2_Chr4g11740,74.08566676566677,0.5549770840567722,Antimicrobial
VDAG_JR2_Chr4g11750,81.69124285169653,0.9883582180970472,Antimicrobial
VDAG_JR2_Chr4g11870,80.21927240461402,0.1566024621161156,Non-antimicrobial
VDAG_JR2_Chr4g11940,83.72831984585741,0.2750046346639686,Non-antimicrobial
VDAG_JR2_Chr4g12040,60.13504310344827,0.1451688106386939,Non-antimicrobial
VDAG_JR2_Chr4g12090,84.86930723667268,0.9426434081353658,Antimicrobial
VDAG_JR2_Chr4g12120,87.92840056953014,0.13565854369790495,Non-antimicrobial
VDAG_JR2_Chr4g12170,86.16529783037475,0.79425228099895,Antimicrobial
VDAG_JR2_Chr4g12190,83.40114764267992,0.9517514428209548,Antimicrobial
VDAG_JR2_Chr4g12221,32.972357482185274,0.9998114769308938,Antimicrobial
VDAG_JR2_Chr4g12230,79.36635519279481,0.01547257834771676,Non-antimicrobial
VDAG_JR2_Chr4g12290,85.47690351533284,0.9993245874445907,Antimicrobial
VDAG_JR2_Chr4g12360,57.05792436974789,0.02610280322836644,Non-antimicrobial
VDAG_JR2_Chr4g12450,78.9345655658865,0.9854444929071243,Antimicrobial
VDAG_JR2_Chr4g12460,29.714976958525344,0.8473943328678463,Antimicrobial
VDAG_JR2_Chr4g12490,75.09230946882217,0.8893435167778718,Antimicrobial
VDAG_JR2_Chr5g00240,83.13930775316456,0.9989473089620909,Antimicrobial
VDAG_JR2_Chr5g00260,64.2486059479554,0.9999699333950542,Antimicrobial
VDAG_JR2_Chr5g00380,54.3715625,0.2473793512919904,Non-antimicrobial
VDAG_JR2_Chr5g00530,84.67381763251853,0.8940572212653393,Antimicrobial
VDAG_JR2_Chr5g00740,61.488425353356895,0.9999996466729488,Antimicrobial
VDAG_JR2_Chr5g00850,89.81617555608706,0.060579075737521006,Non-antimicrobial
VDAG_JR2_Chr5g00860,77.7278435283688,0.866824528844122,Antimicrobial
VDAG_JR2_Chr5g00880,91.24178245614036,0.9959214793595583,Antimicrobial
VDAG_JR2_Chr5g00890,82.01269881026926,0.9783765185700798,Antimicrobial
VDAG_JR2_Chr5g00930,29.96566473988439,0.9970811871896269,Antimicrobial
VDAG_JR2_Chr5g01080,67.40382694541232,0.039294966128103126,Non-antimicrobial
VDAG_JR2_Chr5g01410,87.06093167701864,0.9704363295702235,Antimicrobial
VDAG_JR2_Chr5g01440,87.04248986212491,0.8237268145005984,Antimicrobial
VDAG_JR2_Chr5g01500,84.87531164638689,0.2011079473817549,Non-antimicrobial
VDAG_JR2_Chr5g01660,90.3453108974359,0.9533537142984676,Antimicrobial
VDAG_JR2_Chr5g01680,82.12205537806177,0.7110048821747154,Antimicrobial
VDAG_JR2_Chr5g01720,72.3556985522693,0.0,Non-antimicrobial
VDAG_JR2_Chr5g01740,85.11989565217391,0.21798698159478658,Non-antimicrobial
VDAG_JR2_Chr5g01830,73.44651913875597,0.45642618010693714,Non-antimicrobial
VDAG_JR2_Chr5g01840,84.9548496158068,0.9631217332132986,Antimicrobial
VDAG_JR2_Chr5g02170,73.46707482993197,0.9545843114746632,Antimicrobial
VDAG_JR2_Chr5g02440,85.71224190283401,0.16529581219524075,Non-antimicrobial
VDAG_JR2_Chr5g02830,82.52094710606481,0.3095529054396349,Non-antimicrobial
VDAG_JR2_Chr5g02840,73.41157733537518,0.3826948989960294,Non-antimicrobial
VDAG_JR2_Chr5g02950,81.20489308386234,0.8484578849440899,Antimicrobial
VDAG_JR2_Chr5g03000,84.20646955759965,0.627056826066728,Antimicrobial
VDAG_JR2_Chr5g03120,82.30540647198106,0.8211919417383503,Antimicrobial
VDAG_JR2_Chr5g03130,87.90456399437412,0.09914640364549594,Non-antimicrobial
VDAG_JR2_Chr5g03190,36.43925682031984,0.06315708258565246,Non-antimicrobial
VDAG_JR2_Chr5g03290,76.19753786658073,0.5113273316229106,Antimicrobial
VDAG_JR2_Chr5g03320,89.60037472035796,0.2980146554308515,Non-antimicrobial
VDAG_JR2_Chr5g03360,82.39743837602705,0.008529459790312176,Non-antimicrobial
VDAG_JR2_Chr5g03480,86.98492059891106,0.2543931017792385,Non-antimicrobial
VDAG_JR2_Chr5g03500,83.3894327176781,0.7707230212574178,Antimicrobial
VDAG_JR2_Chr5g03800,50.95075504828797,0.9892660597482553,Antimicrobial
VDAG_JR2_Chr5g03970,70.31738142573133,0.9302660542203353,Antimicrobial
VDAG_JR2_Chr5g04090,89.05513736263735,0.8499039150166288,Antimicrobial
VDAG_JR2_Chr5g04100,74.52200118063755,0.016601261880426287,Non-antimicrobial
VDAG_JR2_Chr5g04150,80.633881302521,0.49883202211443317,Antimicrobial
VDAG_JR2_Chr5g04170,84.68916062952785,0.8527205735544816,Antimicrobial
VDAG_JR2_Chr5g04200,85.86086287625417,0.5724091685656412,Antimicrobial
VDAG_JR2_Chr5g04230,65.95688161693937,0.05379975659070314,Non-antimicrobial
VDAG_JR2_Chr5g04240,66.53858181818183,0.5977299977156755,Antimicrobial
VDAG_JR2_Chr5g04420,84.57226579009156,0.9664397605245323,Antimicrobial
VDAG_JR2_Chr5g04480,85.29952397743301,0.3132248618537783,Non-antimicrobial
VDAG_JR2_Chr5g04590,88.93566539923955,0.9438189728209572,Antimicrobial
VDAG_JR2_Chr5g04660,34.98388918486948,0.9999999999999869,Antimicrobial
VDAG_JR2_Chr5g04670,85.51730868761553,0.25052868762851993,Non-antimicrobial
VDAG_JR2_Chr5g05780,84.03710177544386,0.9983931677982172,Antimicrobial
VDAG_JR2_Chr5g05830,86.17981455064194,0.18323251990302178,Non-antimicrobial
VDAG_JR2_Chr5g05870,77.43366865869855,0.92312262944656,Antimicrobial
VDAG_JR2_Chr5g05890,78.59192604416069,0.7125027782346289,Antimicrobial
VDAG_JR2_Chr5g06040,78.27657653528873,0.974729988105849,Antimicrobial
VDAG_JR2_Chr5g06900,46.8760460100647,0.02422131972942124,Non-antimicrobial
VDAG_JR2_Chr5g07010,46.28663771712159,0.5290445332435795,Antimicrobial
VDAG_JR2_Chr5g07160,27.34577620173365,0.9985990580656234,Antimicrobial
VDAG_JR2_Chr5g07180,34.38778774289985,0.001451593341124109,Non-antimicrobial
VDAG_JR2_Chr5g07850,80.45804680468046,0.9664982936602952,Antimicrobial
VDAG_JR2_Chr5g07910,81.83771100164203,0.07946283406568591,Non-antimicrobial
VDAG_JR2_Chr5g07980,85.32800789473684,0.6873424120437331,Antimicrobial
VDAG_JR2_Chr5g08380,91.68139464594128,0.9053069527735383,Antimicrobial
VDAG_JR2_Chr5g08390,87.69743362831859,0.8581179391928064,Antimicrobial
VDAG_JR2_Chr5g08460,65.79791121229368,0.020426217863843004,Non-antimicrobial
VDAG_JR2_Chr5g08500,89.46041497975709,0.96504840597358,Antimicrobial
VDAG_JR2_Chr5g08920,77.55847487001733,0.44793556776907856,Non-antimicrobial
VDAG_JR2_Chr5g09210,69.55093899931461,0.004620981300007837,Non-antimicrobial
VDAG_JR2_Chr5g09230,73.2408391234634,0.888947610163458,Antimicrobial
VDAG_JR2_Chr5g09270,76.88171614771905,0.9140516183941819,Antimicrobial
VDAG_JR2_Chr5g09300,52.20849696969697,0.06392008726699333,Non-antimicrobial
VDAG_JR2_Chr5g09360,88.62604241255852,0.9719774676849608,Antimicrobial
VDAG_JR2_Chr5g09370,85.54534557235421,0.6257937002585587,Antimicrobial
VDAG_JR2_Chr5g09660,55.5162023877203,0.5467609067989342,Antimicrobial
VDAG_JR2_Chr5g09770,82.11758887171561,0.4432665297849756,Non-antimicrobial
VDAG_JR2_Chr5g09800,77.7117867540029,0.02585552450886185,Non-antimicrobial
VDAG_JR2_Chr5g09890,93.68117406542056,0.01991912412200283,Non-antimicrobial
VDAG_JR2_Chr5g09960,81.17202516712545,0.6287506094030136,Antimicrobial
VDAG_JR2_Chr5g09980,93.0558247734139,0.970148143621554,Antimicrobial
VDAG_JR2_Chr5g09990,82.41038434661077,0.011752851062426921,Non-antimicrobial
VDAG_JR2_Chr5g10010,55.4793399750934,0.03150018454904479,Non-antimicrobial
VDAG_JR2_Chr5g10030,81.34156626506025,0.6460096171969302,Antimicrobial
VDAG_JR2_Chr5g10080,52.06990228013029,0.9040524065134458,Antimicrobial
VDAG_JR2_Chr5g10090,49.48834808259587,0.09497147647277823,Non-antimicrobial
VDAG_JR2_Chr5g11350,77.3207008453777,0.015681854042586853,Non-antimicrobial
VDAG_JR2_Chr5g11360,76.57900411522634,0.030363460810040953,Non-antimicrobial
VDAG_JR2_Chr5g11500,70.66668317364625,0.9999770652257842,Antimicrobial
VDAG_JR2_Chr5g11920,90.303161971831,0.12237294755664545,Non-antimicrobial
VDAG_JR2_Chr5g12000,50.75378443692605,0.9998669961590243,Antimicrobial
VDAG_JR2_Chr5g12240,79.49219120949631,0.9985768779615701,Antimicrobial
VDAG_JR2_Chr6g00020,78.50127912660909,0.9758159434249748,Antimicrobial
VDAG_JR2_Chr6g00260,77.39237364043505,7.338767652913142e-07,Non-antimicrobial
VDAG_JR2_Chr6g00350,62.64339755464987,0.9993520366951624,Antimicrobial
VDAG_JR2_Chr6g00390,80.32150514919462,0.9440656986487569,Antimicrobial
VDAG_JR2_Chr6g00450,76.84639704619612,0.9958756886857928,Antimicrobial
VDAG_JR2_Chr6g00490,81.7459895203547,0.5714517294920209,Antimicrobial
VDAG_JR2_Chr6g00670,79.70416530278233,0.13426858949243056,Non-antimicrobial
VDAG_JR2_Chr6g00690,83.1591599025974,0.2282357061257176,Non-antimicrobial
VDAG_JR2_Chr6g00710,71.81750548005262,0.9980987426417081,Antimicrobial
VDAG_JR2_Chr6g00820,85.32049197307094,0.8434892851736028,Antimicrobial
VDAG_JR2_Chr6g01060,49.47019209039547,0.22182537001635128,Non-antimicrobial
VDAG_JR2_Chr6g01070,87.42365957446808,0.030255800255193678,Non-antimicrobial
VDAG_JR2_Chr6g01690,81.93915769065059,0.7491939953724817,Antimicrobial
VDAG_JR2_Chr6g01720,68.15136700158646,0.9998013669597631,Antimicrobial
VDAG_JR2_Chr6g01740,72.36011199253383,0.16498778710461084,Non-antimicrobial
VDAG_JR2_Chr6g01770,89.00043891958256,0.02176571149246342,Non-antimicrobial
VDAG_JR2_Chr6g01780,62.375786416443255,0.5331866038392454,Antimicrobial
VDAG_JR2_Chr6g01920,52.63417417417418,0.2195180050971118,Non-antimicrobial
VDAG_JR2_Chr6g01980,57.1606875,0.7225211593639903,Antimicrobial
VDAG_JR2_Chr6g02060,81.64756324900134,0.8584611603204075,Antimicrobial
VDAG_JR2_Chr6g02130,84.89441902468393,0.7496028805486684,Antimicrobial
VDAG_JR2_Chr6g02230,82.5345,0.002872157104994645,Non-antimicrobial
VDAG_JR2_Chr6g02330,79.38489495139542,0.9902141797320341,Antimicrobial
VDAG_JR2_Chr6g02470,85.97280026990553,0.017467886465408,Non-antimicrobial
VDAG_JR2_Chr6g02880,81.94396147672552,0.9909722704569854,Antimicrobial
VDAG_JR2_Chr6g02890,84.54769792935446,0.02860862797550871,Non-antimicrobial
VDAG_JR2_Chr6g02980,79.58753396029257,0.8543271380690873,Antimicrobial
VDAG_JR2_Chr6g03080,71.97082998661311,0.6941573785227529,Antimicrobial
VDAG_JR2_Chr6g03090,82.22491187739465,0.9712379306175196,Antimicrobial
VDAG_JR2_Chr6g03110,87.90428450106158,0.9882531974941576,Antimicrobial
VDAG_JR2_Chr6g03140,70.75892221927263,0.9669284929122999,Antimicrobial
VDAG_JR2_Chr6g03170,89.89694078947369,0.915241100330687,Antimicrobial
VDAG_JR2_Chr6g03270,79.35078573499565,0.8060791403510368,Antimicrobial
VDAG_JR2_Chr6g03510,59.4988405472079,0.9663110653347157,Antimicrobial
VDAG_JR2_Chr6g03640,55.02589720194647,0.9925080424551415,Antimicrobial
VDAG_JR2_Chr6g03670,53.60297877145438,0.9980174942427793,Antimicrobial
VDAG_JR2_Chr6g03700,86.68657028469752,0.8126055959575109,Antimicrobial
VDAG_JR2_Chr6g03730,84.46466384863125,0.019047072660743656,Non-antimicrobial
VDAG_JR2_Chr6g03920,64.30182754182755,0.24803047423789107,Non-antimicrobial
VDAG_JR2_Chr6g04040,84.87131046119235,0.8839966684653575,Antimicrobial
VDAG_JR2_Chr6g04060,76.33074277854196,0.9987432844531282,Antimicrobial
VDAG_JR2_Chr6g04130,72.629257086999,0.973660787964656,Antimicrobial
VDAG_JR2_Chr6g04190,73.87225821167883,0.9239988395976082,Antimicrobial
VDAG_JR2_Chr6g04370,66.19986116866971,0.9353332790447102,Antimicrobial
VDAG_JR2_Chr6g04600,24.950434369055174,0.9999998913422945,Antimicrobial
VDAG_JR2_Chr6g04770,70.02797724399494,0.005045609212353744,Non-antimicrobial
VDAG_JR2_Chr6g04820,78.70719896519286,0.9760933716566691,Antimicrobial
VDAG_JR2_Chr6g05130,82.85897024504084,0.05660723783854337,Non-antimicrobial
VDAG_JR2_Chr6g05150,64.39811910669975,0.8680570082572857,Antimicrobial
VDAG_JR2_Chr6g05220,69.035756587202,0.0,Non-antimicrobial
VDAG_JR2_Chr6g05260,83.50904304979252,0.954491397641712,Antimicrobial
VDAG_JR2_Chr6g05350,85.43596771782993,0.8730370449419723,Antimicrobial
VDAG_JR2_Chr6g05370,84.88085857182551,0.6353074750946424,Antimicrobial
VDAG_JR2_Chr6g05700,78.21673214285714,0.9512211287061908,Antimicrobial
VDAG_JR2_Chr6g05900,75.18141439205955,0.05342852765410669,Non-antimicrobial
VDAG_JR2_Chr6g06010,39.5618139714396,0.9927512804002473,Antimicrobial
VDAG_JR2_Chr6g06110,79.39874253052741,0.36557216500248124,Non-antimicrobial
VDAG_JR2_Chr6g06300,63.001153479504296,0.9986260621401446,Antimicrobial
VDAG_JR2_Chr6g06365,56.9009219858156,0.911637174712616,Antimicrobial
VDAG_JR2_Chr6g06450,71.39820276497696,0.08178218355435055,Non-antimicrobial
VDAG_JR2_Chr6g06540,79.74838431006303,0.038380119342702884,Non-antimicrobial
VDAG_JR2_Chr6g06580,82.84460162601626,0.7054123866578992,Antimicrobial
VDAG_JR2_Chr6g06610,82.76936604584527,0.9935880486657588,Antimicrobial
VDAG_JR2_Chr6g06690,69.84144399460189,0.9996471752897245,Antimicrobial
VDAG_JR2_Chr6g06710,73.8577332028702,0.7402599107313513,Antimicrobial
VDAG_JR2_Chr6g06730,91.86513353115728,0.8533634655890668,Antimicrobial
VDAG_JR2_Chr6g06740,73.85111711103612,0.24734026883308807,Non-antimicrobial
VDAG_JR2_Chr6g06860,53.5180925925926,0.6322433149906429,Antimicrobial
VDAG_JR2_Chr6g06960,74.62908188585607,0.9969991250259844,Antimicrobial
VDAG_JR2_Chr6g06980,86.89168224299065,0.2549141247207001,Non-antimicrobial
VDAG_JR2_Chr6g07300,79.77244897959184,0.38126008132458294,Non-antimicrobial
VDAG_JR2_Chr6g07890,69.23983728498374,0.00021234761117748136,Non-antimicrobial
VDAG_JR2_Chr6g08100,78.89539085691669,0.6557190617231597,Antimicrobial
VDAG_JR2_Chr6g08110,35.4643648960739,0.98605256653209,Antimicrobial
VDAG_JR2_Chr6g08770,84.74303423848879,0.9088382813730204,Antimicrobial
VDAG_JR2_Chr6g08810,69.37619409282699,0.14312890738526585,Non-antimicrobial
VDAG_JR2_Chr6g08820,43.14994617868676,0.9988870407350378,Antimicrobial
VDAG_JR2_Chr6g08970,87.53241777018367,0.952137819586859,Antimicrobial
VDAG_JR2_Chr6g09010,84.87435398230089,0.24981241100098586,Non-antimicrobial
VDAG_JR2_Chr6g09160,47.33504825538233,0.9988231434591105,Antimicrobial
VDAG_JR2_Chr6g09170,87.0903570140642,0.9056435191705307,Antimicrobial
VDAG_JR2_Chr6g09180,83.9317619047619,0.9867171540070676,Antimicrobial
VDAG_JR2_Chr6g09240,89.39915332771693,0.831603517336309,Antimicrobial
VDAG_JR2_Chr6g09340,84.19754444817175,0.3094476544484622,Non-antimicrobial
VDAG_JR2_Chr6g09350,85.6044413869015,0.712617969763678,Antimicrobial
VDAG_JR2_Chr6g09360,83.554,0.7465846775971414,Antimicrobial
VDAG_JR2_Chr6g09420,53.47509132420091,0.03216289902337857,Non-antimicrobial
VDAG_JR2_Chr6g09510,58.658029064486826,0.8652505166934092,Antimicrobial
VDAG_JR2_Chr6g09600,78.63150227617604,0.3955616772116747,Non-antimicrobial
VDAG_JR2_Chr6g09650,71.73834628837933,0.9999993185030237,Antimicrobial
VDAG_JR2_Chr6g09790,73.23078194276502,0.9789910899220174,Antimicrobial
VDAG_JR2_Chr6g09810,73.78315980230643,0.8282520954214887,Antimicrobial
VDAG_JR2_Chr6g09820,81.26719213019189,0.9434303548382126,Antimicrobial
VDAG_JR2_Chr6g09900,25.09086343612335,0.99997660513365,Antimicrobial
VDAG_JR2_Chr6g09960,32.72257598784194,0.7599337353374124,Antimicrobial
VDAG_JR2_Chr6g10140,63.631095559011584,0.9413140815243443,Antimicrobial
VDAG_JR2_Chr6g10160,91.27472417840376,0.9673378813570184,Antimicrobial
VDAG_JR2_Chr6g10190,79.81598003629763,0.3436356854590525,Non-antimicrobial
VDAG_JR2_Chr6g10260,76.69089849441477,0.20422479106639058,Non-antimicrobial
VDAG_JR2_Chr6g10290,75.13011601796407,0.9866483129648869,Antimicrobial
VDAG_JR2_Chr6g10370,82.29451162790697,0.9783160707365612,Antimicrobial
VDAG_JR2_Chr6g10400,88.9239263622975,0.8445775104622817,Antimicrobial
VDAG_JR2_Chr6g10720,67.61997177798683,0.43066983243158174,Non-antimicrobial
VDAG_JR2_Chr6g10770,77.36727237202032,0.08900620394728681,Non-antimicrobial
VDAG_JR2_Chr6g10790,77.44230493915533,0.39838915741521247,Non-antimicrobial
VDAG_JR2_Chr6g10830,74.18594601609136,0.9747412548402656,Antimicrobial
VDAG_JR2_Chr6g10920,76.68669853409814,0.4046110792517968,Non-antimicrobial
VDAG_JR2_Chr7g00020,80.31789764174611,0.9933494803569227,Antimicrobial
VDAG_JR2_Chr7g00250,77.24610824742267,0.8186299999979305,Antimicrobial
VDAG_JR2_Chr7g00290,84.45146531924667,0.999749030558887,Antimicrobial
VDAG_JR2_Chr7g00310,86.07129263913824,0.8964345324137792,Antimicrobial
VDAG_JR2_Chr7g00480,80.78790000000001,0.8836477735951164,Antimicrobial
VDAG_JR2_Chr7g00600,84.35186759178953,0.8140434941875564,Antimicrobial
VDAG_JR2_Chr7g00710,89.171396484375,0.16228583322305992,Non-antimicrobial
VDAG_JR2_Chr7g00770,86.71652860904956,0.2925924595151524,Non-antimicrobial
VDAG_JR2_Chr7g00800,83.56111665387567,0.9927702916804205,Antimicrobial
VDAG_JR2_Chr7g00850,28.34067843866171,0.9137032343997025,Antimicrobial
VDAG_JR2_Chr7g00860,91.45966704936852,0.9902940413634196,Antimicrobial
VDAG_JR2_Chr7g00980,77.3769630442737,0.9475303998642569,Antimicrobial
VDAG_JR2_Chr7g01190,33.186764531435344,0.015069286176224068,Non-antimicrobial
VDAG_JR2_Chr7g01210,84.7099764058199,0.9983340254892095,Antimicrobial
VDAG_JR2_Chr7g01260,77.61014506769826,0.9974414698361791,Antimicrobial
VDAG_JR2_Chr7g01330,83.83757540603247,0.9694084863765537,Antimicrobial
VDAG_JR2_Chr7g01500,86.81670227334976,0.9723853755986878,Antimicrobial
VDAG_JR2_Chr7g01540,38.38386440677967,0.9997937216890861,Antimicrobial
VDAG_JR2_Chr7g01620,87.83954674220963,0.9204511285974404,Antimicrobial
VDAG_JR2_Chr7g01860,64.33648195329086,1.7163755712676217e-06,Non-antimicrobial
VDAG_JR2_Chr7g02030,78.24759878419452,0.37932411600262134,Non-antimicrobial
VDAG_JR2_Chr7g02040,70.83264526840067,0.010135874854112369,Non-antimicrobial
VDAG_JR2_Chr7g02450,79.86282760308333,0.5572342199479557,Antimicrobial
VDAG_JR2_Chr7g02600,39.87089984350548,0.0158109168788361,Non-antimicrobial
VDAG_JR2_Chr7g02630,51.16320971867007,0.9910888932396776,Antimicrobial
VDAG_JR2_Chr7g02730,64.48857227138643,0.7103001708613828,Antimicrobial
VDAG_JR2_Chr7g02760,60.38302521008404,0.9897973181360362,Antimicrobial
VDAG_JR2_Chr7g02770,67.18187883435583,0.709346162100817,Antimicrobial
VDAG_JR2_Chr7g02940,85.73443591455273,0.21393840287527427,Non-antimicrobial
VDAG_JR2_Chr7g03070,86.0442891566265,0.002884312077092239,Non-antimicrobial
VDAG_JR2_Chr7g03140,81.87357602339182,0.9211801140568467,Antimicrobial
VDAG_JR2_Chr7g03190,75.49107317073171,0.178744637775741,Non-antimicrobial
VDAG_JR2_Chr7g03240,67.37220921726409,0.33271208772491434,Non-antimicrobial
VDAG_JR2_Chr7g03280,83.5398630762209,0.13112201176708355,Non-antimicrobial
VDAG_JR2_Chr7g03330,89.09933857808858,0.9698610207810275,Antimicrobial
VDAG_JR2_Chr7g03410,76.4181328320802,0.04835029188084301,Non-antimicrobial
VDAG_JR2_Chr7g03440,91.64966480446928,0.9824505483423962,Antimicrobial
VDAG_JR2_Chr7g04100,74.8979257142857,0.9997335976412904,Antimicrobial
VDAG_JR2_Chr7g04160,64.36946071428572,0.8930118227807158,Antimicrobial
VDAG_JR2_Chr7g04330,83.33071517671517,0.9990605302821352,Antimicrobial
VDAG_JR2_Chr7g04530,78.16223487677371,0.9167538194015327,Antimicrobial
VDAG_JR2_Chr7g04730,66.30483142936751,0.40174381152690686,Non-antimicrobial
VDAG_JR2_Chr7g05130,85.86551908669283,0.8468954898925666,Antimicrobial
VDAG_JR2_Chr7g05170,87.4673801369863,0.8879552243639515,Antimicrobial
VDAG_JR2_Chr7g05180,81.68142624020888,0.7171528496743548,Antimicrobial
VDAG_JR2_Chr7g05260,72.22751176866173,0.7510734405390892,Antimicrobial
VDAG_JR2_Chr7g05300,76.69396226415094,0.3681387824455335,Non-antimicrobial
VDAG_JR2_Chr7g05320,29.354919254658384,0.07179652023288534,Non-antimicrobial
VDAG_JR2_Chr7g05590,69.04830926874709,0.0010533676343781628,Non-antimicrobial
VDAG_JR2_Chr7g05700,84.07196612969848,0.03395494317560199,Non-antimicrobial
VDAG_JR2_Chr7g05780,81.40243063932448,0.7464826799151678,Antimicrobial
VDAG_JR2_Chr7g06210,76.3735598377282,0.06886194811394585,Non-antimicrobial
VDAG_JR2_Chr7g06250,82.43638703527168,0.1327577211873814,Non-antimicrobial
VDAG_JR2_Chr7g07180,43.405840943243554,0.0,Non-antimicrobial
VDAG_JR2_Chr7g07740,25.430447093889715,0.9039481259743043,Antimicrobial
VDAG_JR2_Chr7g07750,79.93040450228632,0.01968451353433147,Non-antimicrobial
VDAG_JR2_Chr7g08780,41.50040275049116,0.6919537567781767,Antimicrobial
VDAG_JR2_Chr7g09240,86.11596932515337,0.769945760870868,Antimicrobial
VDAG_JR2_Chr7g09430,84.47562982005142,0.8859803446469218,Antimicrobial
VDAG_JR2_Chr7g09670,89.95749804534793,0.4868639779767886,Non-antimicrobial
VDAG_JR2_Chr7g09790,59.085128251773696,0.9999999988669517,Antimicrobial
VDAG_JR2_Chr7g10450,68.6901178509532,0.9760534056032513,Antimicrobial
VDAG_JR2_Chr7g10480,72.69192181340343,0.2826308379086918,Non-antimicrobial
VDAG_JR2_Chr8g00100,81.83118178658324,0.6078249776280532,Antimicrobial
VDAG_JR2_Chr8g00170,89.54272829763246,0.7923589850493544,Antimicrobial
VDAG_JR2_Chr8g00210,90.94802352941176,0.08493473874281193,Non-antimicrobial
VDAG_JR2_Chr8g00300,82.7639751552795,0.8663589758921867,Antimicrobial
VDAG_JR2_Chr8g00330,86.45278921752153,0.543847096032646,Antimicrobial
VDAG_JR2_Chr8g00480,83.90250313938887,0.9574514052054557,Antimicrobial
VDAG_JR2_Chr8g00500,47.58854126679462,0.04869179431775305,Non-antimicrobial
VDAG_JR2_Chr8g00520,65.1145880312229,0.790988597165696,Antimicrobial
VDAG_JR2_Chr8g00670,76.91057647058824,0.9309739211800928,Antimicrobial
VDAG_JR2_Chr8g00720,72.52943895870737,0.7086377165679153,Antimicrobial
VDAG_JR2_Chr8g00870,36.17846606334842,0.8869812102640175,Antimicrobial
VDAG_JR2_Chr8g00890,52.81987804878049,0.29663633989793514,Non-antimicrobial
VDAG_JR2_Chr8g00960,48.44180055401662,0.27844941311877835,Non-antimicrobial
VDAG_JR2_Chr8g01000,65.13335190741535,0.08708620073290019,Non-antimicrobial
VDAG_JR2_Chr8g01370,75.85037434627031,0.0,Non-antimicrobial
VDAG_JR2_Chr8g01530,85.61313550232391,0.89035047068057,Antimicrobial
VDAG_JR2_Chr8g01540,48.32525463456211,0.9980925025954256,Antimicrobial
VDAG_JR2_Chr8g01550,79.07436036789298,0.46052034756824645,Non-antimicrobial
VDAG_JR2_Chr8g01690,76.34615970841618,0.9998063908388802,Antimicrobial
VDAG_JR2_Chr8g01720,58.21998113207548,0.44750472046926976,Non-antimicrobial
VDAG_JR2_Chr8g01870,69.97635201573254,0.9908984543234372,Antimicrobial
VDAG_JR2_Chr8g02050,64.45375967791887,0.999821226874522,Antimicrobial
VDAG_JR2_Chr8g02080,84.68990825688073,0.924282264814135,Antimicrobial
VDAG_JR2_Chr8g02090,51.48766673769444,0.999924900640845,Antimicrobial
VDAG_JR2_Chr8g02130,77.00754591232229,0.9845285682404736,Antimicrobial
VDAG_JR2_Chr8g02160,83.35216216216216,0.9965050603086717,Antimicrobial
VDAG_JR2_Chr8g02180,76.91217789165447,0.042098611153298084,Non-antimicrobial
VDAG_JR2_Chr8g02230,83.8443414918415,0.8986134254721355,Antimicrobial
VDAG_JR2_Chr8g02290,77.33538518518517,0.9508923779186493,Antimicrobial
VDAG_JR2_Chr8g02460,69.1215082644628,0.7223081583450083,Antimicrobial
VDAG_JR2_Chr8g02490,78.10284495021337,0.9811893752269895,Antimicrobial
VDAG_JR2_Chr8g02540,79.62774348216962,0.9438323776232886,Antimicrobial
VDAG_JR2_Chr8g02690,47.42163701067616,0.9394403367887273,Antimicrobial
VDAG_JR2_Chr8g02710,78.20321176470588,0.9999997795551177,Antimicrobial
VDAG_JR2_Chr8g03290,81.30513270026783,0.047087273491820486,Non-antimicrobial
VDAG_JR2_Chr8g03330,50.147039800995024,6.84527633907242e-05,Non-antimicrobial
VDAG_JR2_Chr8g03820,74.03624789915968,0.9678654216496256,Antimicrobial
VDAG_JR2_Chr8g04260,65.01792393648306,0.9999605806085357,Antimicrobial
VDAG_JR2_Chr8g04810,30.195015582391896,0.0,Non-antimicrobial
VDAG_JR2_Chr8g04920,65.77756697132051,0.9996660517670805,Antimicrobial
VDAG_JR2_Chr8g05110,78.7239893313012,0.9980680710962835,Antimicrobial
VDAG_JR2_Chr8g05200,91.19623443421766,0.9963400985551996,Antimicrobial
VDAG_JR2_Chr8g05230,67.07440891472869,0.447429925484052,Non-antimicrobial
VDAG_JR2_Chr8g05400,74.15479915433404,0.0011021270812845926,Non-antimicrobial
VDAG_JR2_Chr8g05610,85.72657539844708,0.23226494946658893,Non-antimicrobial
VDAG_JR2_Chr8g05800,69.42835048754064,0.9999771600372869,Antimicrobial
VDAG_JR2_Chr8g05820,31.485574057844,0.9820884724322835,Antimicrobial
VDAG_JR2_Chr8g05990,50.12945161290323,0.023356790551166892,Non-antimicrobial
VDAG_JR2_Chr8g06080,84.39738210399034,0.44750242912991506,Non-antimicrobial
VDAG_JR2_Chr8g06200,70.61250636132316,0.019783533699233358,Non-antimicrobial
VDAG_JR2_Chr8g06210,70.90428692699491,0.8161519277027398,Antimicrobial
VDAG_JR2_Chr8g06410,64.03108376715569,0.9386953173832214,Antimicrobial
VDAG_JR2_Chr8g06830,76.3118328506413,0.06253863655259316,Non-antimicrobial
VDAG_JR2_Chr8g06990,42.73462421711899,0.9516308048228952,Antimicrobial
VDAG_JR2_Chr8g07020,90.51442786069651,0.6278297092792642,Antimicrobial
VDAG_JR2_Chr8g07190,55.76676969092722,0.08334802317667332,Non-antimicrobial
VDAG_JR2_Chr8g07470,80.69099818511796,0.9535790343590933,Antimicrobial
VDAG_JR2_Chr8g07510,30.71009746588694,0.13041565851706244,Non-antimicrobial
VDAG_JR2_Chr8g07650,85.57299927553731,0.6277699507282868,Antimicrobial
VDAG_JR2_Chr8g08300,47.3202619760479,0.9774588338256534,Antimicrobial
VDAG_JR2_Chr8g08420,70.18455159981974,0.3383564928108738,Non-antimicrobial
VDAG_JR2_Chr8g08660,77.22213168187744,0.4426781179294722,Non-antimicrobial
VDAG_JR2_Chr8g08690,78.32287742899851,0.12730880514090498,Non-antimicrobial
VDAG_JR2_Chr8g08840,75.6185,0.0012453695783011902,Non-antimicrobial
VDAG_JR2_Chr8g08900,61.29863088404133,0.28304555575593277,Non-antimicrobial
VDAG_JR2_Chr8g08990,47.58839649455234,0.9478597715984667,Antimicrobial
VDAG_JR2_Chr8g09250,88.5150397067807,0.9621112537938147,Antimicrobial
VDAG_JR2_Chr8g09260,76.11671830411741,0.8576792982988043,Antimicrobial
VDAG_JR2_Chr8g09270,59.71116504854369,0.00018594193753515694,Non-antimicrobial
VDAG_JR2_Chr8g09290,44.18736623067776,0.08676237118678537,Non-antimicrobial
VDAG_JR2_Chr8g09340,44.36304439746301,0.503514889554944,Antimicrobial
VDAG_JR2_Chr8g09390,90.4240383344349,0.9855961412016199,Antimicrobial
VDAG_JR2_Chr8g09410,51.46322033898305,0.23018998586680697,Non-antimicrobial
VDAG_JR2_Chr8g09510,72.91812811980033,0.04793125188367393,Non-antimicrobial
VDAG_JR2_Chr8g09550,35.421141414141424,0.0035553936292755076,Non-antimicrobial
VDAG_JR2_Chr8g09600,81.8206306632838,0.06071412304201342,Non-antimicrobial
VDAG_JR2_Chr8g09610,78.86341232227488,0.9999940002894059,Antimicrobial
VDAG_JR2_Chr8g09620,63.69137115839244,0.977843801140875,Antimicrobial
VDAG_JR2_Chr8g09660,74.21633910386966,0.10202039948369364,Non-antimicrobial
VDAG_JR2_Chr8g09820,76.65098492462313,0.3510181306517854,Non-antimicrobial
VDAG_JR2_Chr8g09990,56.034971719457005,0.372169516159488,Non-antimicrobial
VDAG_JR2_Chr8g10280,67.3786768018018,0.9767829208725097,Antimicrobial
VDAG_JR2_Chr8g10380,91.66092105263158,0.6069160692360307,Antimicrobial
VDAG_JR2_Chr8g10410,58.04230387868183,0.0,Non-antimicrobial
VDAG_JR2_Chr8g10420,89.79987811340752,0.05849156162156065,Non-antimicrobial
VDAG_JR2_Chr8g10500,75.58506263048017,0.999999981894646,Antimicrobial
VDAG_JR2_Chr8g10560,82.60272081218274,0.9917289352280382,Antimicrobial
VDAG_JR2_Chr8g10570,48.93562215477997,0.9716951384220377,Antimicrobial
VDAG_JR2_Chr8g10630,87.19674220129487,0.04140927500293432,Non-antimicrobial
VDAG_JR2_Chr8g10650,71.7819538606403,0.9874875634959066,Antimicrobial
VDAG_JR2_Chr8g10770,88.01696784073506,0.45037065502538975,Non-antimicrobial
VDAG_JR2_Chr8g10820,53.10072538860104,0.004229832570187377,Non-antimicrobial
VDAG_JR2_Chr8g10920,88.0300727713766,0.9651454338068801,Antimicrobial
VDAG_JR2_Chr8g11010,88.40430159318267,0.03238312967932269,Non-antimicrobial
VDAG_JR2_Chr8g11020,89.76825981473314,0.9971475866822488,Antimicrobial
VDAG_JR2_Chr8g11080,42.64075770191507,0.005153847097010373,Non-antimicrobial
VDAG_JR2_Chr8g11250,65.45745299910475,0.9715937953069035,Antimicrobial
VDAG_JR2_Chr8g11270,84.73875142531358,0.5842443249965567,Antimicrobial
VDAG_JR2_Chr8g11290,86.69697298601062,0.9827240564179156,Antimicrobial
VDAG_JR2_Chr8g11300,75.400206022187,0.9939885156854461,Antimicrobial
VDAG_JR2_Chr8g11310,83.37653744915052,0.1318786640781683,Non-antimicrobial
