"","baseMean","log2FoldChange","lfcSE","stat","pvalue","padj"
"",1234.76447880826,-0.363836594787708,1.33603699230334,-0.272325240157049,0.785371950502071,0.976590442099435
"Bacteria_Abditibacteriota_Abditibacteria_Abditibacteriales_Abditibacteriaceae_Abditibacterium",58.6547486869771,-0.366542034247243,2.02350915008204,-0.181141772564944,0.856256297139886,0.976590442099435
"Bacteria_Acidobacteriota_Acidobacteriae_Acidobacteriales_Acidobacteriaceae (Subgroup 1)_Acidipila-Silvibacterium",4.06566836634051,-5.79460755977064,3.39421480997489,-1.70720118913555,NA,NA
"Bacteria_Acidobacteriota_Acidobacteriae_Acidobacteriales_Acidobacteriaceae (Subgroup 1)_Edaphobacter",15.7298947125618,2.35598042419021,2.52457626957147,0.93321816123627,0.350707339628354,0.766160649649634
"Bacteria_Acidobacteriota_Acidobacteriae_Acidobacteriales_Acidobacteriaceae (Subgroup 1)_Granulicella",72.2097199480699,1.5814792659792,1.68875158607485,0.936478330513385,0.349026964448798,0.766160649649634
"Bacteria_Acidobacteriota_Vicinamibacteria_Vicinamibacterales_",20.477156707263,0.406780991331229,2.86732036587014,0.141867995000895,0.88718427486498,0.976590442099435
"Bacteria_Actinobacteriota_Acidimicrobiia_Microtrichales_Iamiaceae_Iamia",8.86847292762892,0.603463937897891,2.62398608513004,0.229979854435083,0.818107424007929,0.976590442099435
"Bacteria_Actinobacteriota_Actinobacteria_Corynebacteriales_Corynebacteriaceae_Lawsonella",4.53031617963657,-5.95033287572937,3.39310775627727,-1.75365278769035,NA,NA
"Bacteria_Actinobacteriota_Actinobacteria_Micrococcales_Cellulomonadaceae_Oerskovia",3.93989324941012,-5.74539783155088,3.39459011265896,-1.69251592707037,0.090547645944407,0.639746596158757
"Bacteria_Actinobacteriota_Actinobacteria_Micrococcales_Microbacteriaceae_",63.0492628556339,-0.0372135908975974,2.02314182687583,-0.0183939605237974,0.985324570432763,0.994450533095528
"Bacteria_Actinobacteriota_Actinobacteria_Micrococcales_Microbacteriaceae_Leifsonia",26.958212627223,-1.00812487320298,2.29715963870511,-0.438857124344762,0.6607650655813,0.955749367665317
"Bacteria_Actinobacteriota_Actinobacteria_Micrococcales_Microbacteriaceae_Rudaibacter",53.7296153219395,0.949583006875643,1.74442050491002,0.544354416955573,0.58619760699573,0.941773944320733
"Bacteria_Actinobacteriota_Actinobacteria_Micrococcales_Sanguibacteraceae_Sanguibacter-Flavimobilis",4.25813697560036,-5.85730805186216,3.36182993525833,-1.74229754766345,0.0814563923295024,0.639746596158757
"Bacteria_Actinobacteriota_Actinobacteria_Propionibacteriales_Nocardioidaceae_Aeromicrobium",85.5200584441754,1.06018147199271,1.39787302870756,0.758424728298054,0.448196758848138,0.859461109241689
"Bacteria_Actinobacteriota_Actinobacteria_Propionibacteriales_Nocardioidaceae_Marmoricola",6.24253551189841,-0.908658341898779,2.69183784444711,-0.337560579205473,0.735694353314205,0.958427506152451
"Bacteria_Actinobacteriota_Actinobacteria_Propionibacteriales_Nocardioidaceae_Nocardioides",27.3338087696309,-0.720046254329663,2.01592509590394,-0.357179071679147,0.720957752319169,0.958427506152451
"Bacteria_Actinobacteriota_Actinobacteria_Propionibacteriales_Propionibacteriaceae_Cutibacterium",118.389730902757,-0.338130127746556,1.37601613910636,-0.245731222285046,0.805890301218506,0.976590442099435
"Bacteria_Actinobacteriota_Actinobacteria_Propionibacteriales_Propionibacteriaceae_Microlunatus",2.78788687977635,-5.25202651482825,3.39914855708517,-1.54510061170494,0.122321929063452,0.639746596158757
"Bacteria_Actinobacteriota_Actinobacteria_Pseudonocardiales_Pseudonocardiaceae_Lechevalieria",1.16161953324015,-3.996376876452,3.42087118545091,-1.16823366324015,0.2427125252294,0.639746596158757
"Bacteria_Actinobacteriota_Actinobacteria_Pseudonocardiales_Pseudonocardiaceae_Pseudonocardia",33.0712697563332,2.94895965781605,1.95057233317689,1.51184327166841,0.130573738318657,0.639746596158757
"Bacteria_Actinobacteriota_Thermoleophilia_Solirubrobacterales_Solirubrobacteraceae_Patulibacter",73.1976890829787,0.37952123522102,1.39534032946489,0.271991876968513,0.785628265219524,0.976590442099435
"Bacteria_Bacteroidota_Bacteroidia_Chitinophagales_Chitinophagaceae_Arachidicoccus",1082.97113231771,1.12263991724876,1.53419989660082,0.731742923289257,0.464325492345172,0.859461109241689
"Bacteria_Bacteroidota_Bacteroidia_Chitinophagales_Chitinophagaceae_Chitinophaga",378.411297949095,0.314782928012625,2.12086781067674,0.14842175755979,0.882009930186062,0.976590442099435
"Bacteria_Bacteroidota_Bacteroidia_Chitinophagales_Chitinophagaceae_Ferruginibacter",8.87806617403165,-1.56123063396132,3.24738938747837,-0.480764838359478,NA,NA
"Bacteria_Bacteroidota_Bacteroidia_Chitinophagales_Chitinophagaceae_Puia",27.5684565667554,1.93926012840879,2.81523945307504,0.688843759379177,0.490921594621601,0.860011931336938
"Bacteria_Bacteroidota_Bacteroidia_Flavobacteriales_Weeksellaceae_Chryseobacterium",20.1319703851817,0.393992944969154,2.31815657580974,0.16995959163437,0.865041915434497,0.976590442099435
"Bacteria_Bacteroidota_Bacteroidia_Sphingobacteriales_Sphingobacteriaceae_Mucilaginibacter",114.815500749042,0.357530088034499,1.84755582613075,0.193515174468778,0.846555523155272,0.976590442099435
"Bacteria_Bacteroidota_Bacteroidia_Sphingobacteriales_Sphingobacteriaceae_Nubsella",6.04042157284876,-6.36450227254958,3.39068220206739,-1.87705656067353,NA,NA
"Bacteria_Bdellovibrionota_Bdellovibrionia_Bdellovibrionales_Bdellovibrionaceae_Bdellovibrio",26.5468570853019,1.38199428374533,2.2659641902566,0.609892375920043,0.541933103256602,0.894819775144621
"Bacteria_Bdellovibrionota_Oligoflexia_0319-6G20_",35.5020131453181,-0.389683327673903,2.58472744721703,-0.150763798362366,0.880162044503087,0.976590442099435
"Bacteria_Bdellovibrionota_Oligoflexia_Oligoflexales_Oligoflexaceae_",11.2945333353751,0.199793415044037,2.9125465247061,0.0685975016533675,0.945310007575987,0.994450533095528
"Bacteria_Cyanobacteria_Cyanobacteriia_Chloroplast_",312780.56775693,-0.405730629709619,1.32993131412088,-0.305076379059334,0.760307980963898,0.972646245917779
"Bacteria_Firmicutes_Bacilli_Exiguobacterales_Exiguobacteraceae_Exiguobacterium",118.161044423098,-0.382299987495054,1.83227963090371,-0.208647185204203,0.834723672677824,0.976590442099435
"Bacteria_Firmicutes_Bacilli_Lactobacillales_Carnobacteriaceae_Granulicatella",14.1388234807094,-0.29352750509553,3.20583327793744,-0.0915604398755193,NA,NA
"Bacteria_Firmicutes_Bacilli_Paenibacillales_Paenibacillaceae_Paenibacillus",89.5783078119649,0.748561064456421,2.07612207890831,0.360557344898542,0.718430381059641,0.958427506152451
"Bacteria_Firmicutes_Bacilli_Staphylococcales_Staphylococcaceae_Staphylococcus",91.5918209277571,-1.08788223128474,1.46089454250702,-0.744668557264811,0.456472111722849,0.859461109241689
"Bacteria_Patescibacteria_Gracilibacteria_Candidatus Peregrinibacteria_",3.60102055304445,-5.62001390581712,3.39560598879111,-1.65508422483904,NA,NA
"Bacteria_Patescibacteria_Parcubacteria_Candidatus Kaiserbacteria_",18.3666889091041,3.24290990101421,2.77523281433687,1.16851814531066,0.24259782434298,0.639746596158757
"Bacteria_Patescibacteria_Saccharimonadia_Saccharimonadales_LWQ8_",46.5919500860389,-1.07952933775574,2.00513452227712,-0.538382500406895,0.590313005201065,0.941773944320733
"Bacteria_Planctomycetota_Planctomycetes_Isosphaerales_Isosphaeraceae_",32.7345368331942,1.15817165957468,1.72790734359985,0.670274169424961,0.502683030288492,0.860011931336938
"Bacteria_Planctomycetota_Planctomycetes_Pirellulales_Pirellulaceae_",13.2173452320403,0.501967717551379,2.88914345609599,0.173742745965848,0.862067641964556,0.976590442099435
"Bacteria_Proteobacteria_Alphaproteobacteria_Caulobacterales_Caulobacteraceae_Phenylobacterium",9.41021590158769,-0.577774913873375,2.62546587001618,-0.22006567309512,0.825820008372904,0.976590442099435
"Bacteria_Proteobacteria_Alphaproteobacteria_Micropepsales_Micropepsaceae_",73.6889947565268,0.502138844167361,1.48384773556047,0.338403214921305,0.735059351741193,0.958427506152451
"Bacteria_Proteobacteria_Alphaproteobacteria_Micropepsales_Micropepsaceae_Micropepsis",27.3140092903972,0.312996456770087,1.46047981098764,0.214310704205096,0.830304771206717,0.976590442099435
"Bacteria_Proteobacteria_Alphaproteobacteria_Rhizobiales_Beijerinckiaceae_Methylobacterium-Methylorubrum",8.54888688519248,1.41517010868788,2.92038771318846,0.484582955303152,0.627972206782084,0.955749367665317
"Bacteria_Proteobacteria_Alphaproteobacteria_Rhizobiales_Devosiaceae_Devosia",42.15189383139,0.71030451260177,2.27294598122663,0.312503912749586,0.754657589914859,0.972646245917779
"Bacteria_Proteobacteria_Alphaproteobacteria_Rhizobiales_Hyphomicrobiaceae_Hyphomicrobium",72.2640391337462,0.0192835126984581,1.77056484431451,0.0108911643424864,0.991310279914392,0.994450533095528
"Bacteria_Proteobacteria_Alphaproteobacteria_Rhizobiales_Rhizobiaceae_Allorhizobium-Neorhizobium-Pararhizobium-Rhizobium",100.170014063727,1.05539120362784,2.36156476983589,0.446903348622184,0.654944846088918,0.955749367665317
"Bacteria_Proteobacteria_Alphaproteobacteria_Rhizobiales_Rhizobiaceae_Aureimonas",8.36366063932905,-20.6819237113597,3.38865549729677,-6.10328306546897,NA,NA
"Bacteria_Proteobacteria_Alphaproteobacteria_Rhizobiales_Xanthobacteraceae_",116.209208464548,0.665208970106587,1.45801049569872,0.456244294584313,0.648214316557192,0.955749367665317
"Bacteria_Proteobacteria_Alphaproteobacteria_Rhizobiales_Xanthobacteraceae_Afipia",9.30406325781464,-0.973427963857914,2.61611903786246,-0.372088559339129,0.709826914113135,0.958427506152451
"Bacteria_Proteobacteria_Alphaproteobacteria_Rickettsiales_Mitochondria_",64363.7522962148,-1.22382971077265,1.35322488719365,-0.904380138404526,0.365793866157329,0.769724014779931
"Bacteria_Proteobacteria_Alphaproteobacteria_Sphingomonadales_Sphingomonadaceae_Novosphingobium",36.9412360987236,0.721459419687284,2.02745388975082,0.355845044533148,0.721956613423655,0.958427506152451
"Bacteria_Proteobacteria_Alphaproteobacteria_Sphingomonadales_Sphingomonadaceae_Sphingobium",8.46850745962643,-6.84876754534878,3.08385449359261,-2.22084652812855,0.0263613579615556,0.562322751017042
"Bacteria_Proteobacteria_Alphaproteobacteria_Sphingomonadales_Sphingomonadaceae_Sphingomonas",1007.45523925104,0.675403672473446,1.5366390159367,0.439533075412469,0.660275321411416,0.955749367665317
"Bacteria_Proteobacteria_Gammaproteobacteria_Burkholderiales_Alcaligenaceae_",107.82442926044,1.93233750979432,2.05134124715627,0.941987352164384,0.346199115364455,0.766160649649634
"Bacteria_Proteobacteria_Gammaproteobacteria_Burkholderiales_Alcaligenaceae_Bordetella",213.037325871697,2.71432665800375,1.77217342600361,1.53163715140723,0.125611999362164,0.639746596158757
"Bacteria_Proteobacteria_Gammaproteobacteria_Burkholderiales_Alcaligenaceae_Paralcaligenes",87.6003465479347,1.49546780055677,2.29590994903962,0.651361696996143,0.514813030044462,0.870279169837067
"Bacteria_Proteobacteria_Gammaproteobacteria_Burkholderiales_Alcaligenaceae_Parapusillimonas",17.7511130343751,1.53321025194643,2.23667987877355,0.685484886101421,0.493037994722569,0.860011931336938
"Bacteria_Proteobacteria_Gammaproteobacteria_Burkholderiales_Alcaligenaceae_Pusillimonas",16.5237699295169,1.81711473287722,2.2435156279599,0.809940751127986,0.417974229126312,0.824338062999116
"Bacteria_Proteobacteria_Gammaproteobacteria_Burkholderiales_Burkholderiaceae_",4.20245928983995,-5.84267573346931,3.35372377013695,-1.74214578597531,0.0814829376088739,0.639746596158757
"Bacteria_Proteobacteria_Gammaproteobacteria_Burkholderiales_Burkholderiaceae_Burkholderia-Caballeronia-Paraburkholderia",1868.39539264448,1.00275803598547,1.60671291513697,0.624105293819703,0.53255843752588,0.889685860337352
"Bacteria_Proteobacteria_Gammaproteobacteria_Burkholderiales_Comamonadaceae_Tepidimonas",1.39394343988818,-4.25735919764859,3.41470589978576,-1.24677185168881,0.212481164375182,0.639746596158757
"Bacteria_Proteobacteria_Gammaproteobacteria_Burkholderiales_Neisseriaceae_",8.7121464993011,-21.4460062843331,3.38844621874379,-6.32915646283561,NA,NA
"Bacteria_Proteobacteria_Gammaproteobacteria_Burkholderiales_Oxalobacteraceae_Massilia",40.3227178965002,-0.685474365499412,2.60737777841038,-0.262897985545201,0.792629209018327,0.976590442099435
"Bacteria_Proteobacteria_Gammaproteobacteria_Diplorickettsiales_Diplorickettsiaceae_Aquicella",4.01769965383754,0.726707331480585,3.26911058752856,0.222295120346471,NA,NA
"Bacteria_Proteobacteria_Gammaproteobacteria_Enterobacterales_Enterobacteriaceae_Escherichia-Shigella",4.18183031966453,-5.83514270385148,3.3939150945645,-1.71929542763067,NA,NA
"Bacteria_Proteobacteria_Gammaproteobacteria_Pseudomonadales_Moraxellaceae_Acinetobacter",89.1868094157632,-2.19704441848751,1.70585994961229,-1.28793950463921,0.197767022482594,0.639746596158757
"Bacteria_Proteobacteria_Gammaproteobacteria_Pseudomonadales_Moraxellaceae_Enhydrobacter",67.9963542508115,-2.47872849288103,1.71787731022443,-1.44290193375754,0.149048098355762,0.639746596158757
"Bacteria_Proteobacteria_Gammaproteobacteria_Pseudomonadales_Pseudomonadaceae_Pseudomonas",118.212157322631,-0.481073372584584,1.78594479716133,-0.269366317116423,0.787647803567465,0.976590442099435
"Bacteria_Proteobacteria_Gammaproteobacteria_Salinisphaerales_Solimonadaceae_Solimonas",116.16738680037,0.705874612291522,1.73464521901123,0.406927367369035,0.684061334952763,0.958427506152451
"Bacteria_Proteobacteria_Gammaproteobacteria_Xanthomonadales_Rhodanobacteraceae_Dokdonella",16.5797269870949,-0.187322116546578,2.28938015312304,-0.081822198157455,0.934788103681763,0.994450533095528
"Bacteria_Proteobacteria_Gammaproteobacteria_Xanthomonadales_Rhodanobacteraceae_Dyella",320.559015799258,2.88140720573891,2.46852348508993,1.16725938527335,0.243105635177565,0.639746596158757
"Bacteria_Proteobacteria_Gammaproteobacteria_Xanthomonadales_Rhodanobacteraceae_Luteibacter",12.8498365270262,1.48578664748791,2.87279042925025,0.51719284231801,0.605021548092427,0.944099558561809
"Bacteria_Proteobacteria_Gammaproteobacteria_Xanthomonadales_Rhodanobacteraceae_Rhodanobacter",485.623553576046,0.757881321151354,1.43303312643441,0.528865179158188,0.596898978794831,0.941773944320733
"Bacteria_Proteobacteria_Gammaproteobacteria_Xanthomonadales_Xanthomonadaceae_Luteimonas",35.97534976214,-0.0531518936774621,2.03600368771468,-0.026105990867395,0.979172798671264,0.994450533095528
"Bacteria_Proteobacteria_Gammaproteobacteria_Xanthomonadales_Xanthomonadaceae_Pseudoxanthomonas",59.2567166141994,-24.0458106931233,2.88057661696352,-8.34756852205187,6.96826045569208e-17,9.89492984708275e-15
"Bacteria_Proteobacteria_Gammaproteobacteria_Xanthomonadales_Xanthomonadaceae_Stenotrophomonas",108.426121730814,-0.0992351977319973,1.36713366344067,-0.0725863171873418,0.942135315298868,0.994450533095528
"Bacteria_Sumerlaeota_Sumerlaeia_Sumerlaeales_Sumerlaeaceae_Sumerlaea",3.02021078642438,-5.3670809903294,3.39794300543546,-1.57950883276854,0.114219392139247,0.639746596158757
"Bacteria_Verrucomicrobiota_Verrucomicrobiae_Opitutales_Opitutaceae_",6.27274547949679,-6.41885248713458,3.39041236836501,-1.89323651217978,NA,NA
"Bacteria_Actinobacteriota_Acidimicrobiia_Microtrichales_",6.25637614687886,5.920086871698,2.82193109200893,2.09788498679587,0.0359153065484332,0.628544520917477
"Bacteria_Actinobacteriota_Actinobacteria_Corynebacteriales_Mycobacteriaceae_Mycobacterium",30.797573181902,0.502960728686759,2.00277939777434,0.251131367361623,0.80171254516787,0.976590442099435
"Bacteria_Actinobacteriota_Actinobacteria_Micrococcales_Microbacteriaceae_Homoserinibacter",1.9628738936472,4.24888347759322,3.39917565616382,1.24997467250291,0.211308799568527,0.639746596158757
"Bacteria_Actinobacteriota_Actinobacteria_Micrococcales_Microbacteriaceae_Microbacterium",17.4538899941441,-0.289280806219455,2.31661994493286,-0.12487193113061,0.900624940121107,0.98375954997844
"Bacteria_Actinobacteriota_Actinobacteria_Micrococcales_Micrococcales Incertae Sedis_Luteimicrobium",2.00607540850028,4.27123312125505,3.39893337535019,1.25663925990164,0.208884291673354,0.639746596158757
"Bacteria_Actinobacteriota_Actinobacteria_Streptomycetales_Streptomycetaceae_Streptomyces",7.92182687965214,-2.10271444049529,2.93788147062096,-0.715724736182381,0.474161333736938,0.859461109241689
"Bacteria_Actinobacteriota_Thermoleophilia_Solirubrobacterales_67-14_",15.1648834528529,7.19539510571825,2.63942630726116,2.72612085661321,0.00640835289863154,0.30332870386856
"Bacteria_Bacteroidota_Bacteroidia_Chitinophagales_Chitinophagaceae_",99.8884535672661,2.15764531963692,2.28006165336749,0.946310077383316,0.343990454902195,0.766160649649634
"Bacteria_Bacteroidota_Bacteroidia_Chitinophagales_Chitinophagaceae_Edaphobaculum",19.3780435458399,1.83192347136548,2.51752884992788,0.727667320045988,0.466817259880949,0.859461109241689
"Bacteria_Bacteroidota_Bacteroidia_Chitinophagales_Chitinophagaceae_Parafilimonas",0,NA,NA,NA,NA,NA
"Bacteria_Bacteroidota_Bacteroidia_Chitinophagales_Chitinophagaceae_Taibaiella",224.626363188047,2.56221860502358,2.09592959063016,1.22247360621176,0.22152857907186,0.639746596158757
"Bacteria_Bacteroidota_Bacteroidia_Flavobacteriales_NS9 marine group_",2.45047669166487,-5.06776307146192,3.40128972632551,-1.48995336452468,0.13623649854492,0.639746596158757
"Bacteria_Firmicutes_Bacilli_Bacillales_Planococcaceae_Lysinibacillus",0,NA,NA,NA,NA,NA
"Bacteria_Firmicutes_Bacilli_Lactobacillales_Carnobacteriaceae_Alloiococcus",0,NA,NA,NA,NA,NA
"Bacteria_Gemmatimonadota_Gemmatimonadetes_Gemmatimonadales_Gemmatimonadaceae_",1.11385304166585,-3.93865090674929,3.4223897834934,-1.15084813709586,0.24979471724111,0.644924542695231
"Bacteria_Planctomycetota_Planctomycetes_Isosphaerales_Isosphaeraceae_Singulisphaera",20.2004616719907,2.26938795736652,2.49372511757231,0.91003933888905,0.362801763765674,0.769724014779931
"Bacteria_Planctomycetota_Planctomycetes_Planctomycetales_",19.6425784094498,1.22702485128053,2.8456898280238,0.4311871375429,0.66633230562582,0.955749367665317
"Bacteria_Proteobacteria_Alphaproteobacteria_Acetobacterales_Acetobacteraceae_Acidisphaera",0,NA,NA,NA,NA,NA
"Bacteria_Proteobacteria_Alphaproteobacteria_Caulobacterales_Caulobacteraceae_Asticcacaulis",106.224032902511,0.113694919742835,2.04143761335767,0.0556935558544128,0.955585933219555,0.994450533095528
"Bacteria_Proteobacteria_Alphaproteobacteria_Parvibaculales_Parvibaculaceae_Parvibaculum",3.82846172434898,5.21274541897762,3.39148455566233,1.53700992395043,0.124290879186689,0.639746596158757
"Bacteria_Proteobacteria_Alphaproteobacteria_Rhizobiales_Devosiaceae_",2.66431890191444,4.69231610972473,3.39500202672756,1.38212468587174,NA,NA
"Bacteria_Proteobacteria_Alphaproteobacteria_Rhizobiales_Rhizobiaceae_Mesorhizobium",18.3958312403314,3.10725467948624,2.46101111373381,1.2625927051471,0.206735590859611,0.639746596158757
"Bacteria_Proteobacteria_Alphaproteobacteria_Rhizobiales_Rhizobiaceae_Pseudaminobacter",25.754058020779,2.31551179185787,1.97127603106236,1.17462585420368,0.240144434991166,0.639746596158757
"Bacteria_Proteobacteria_Alphaproteobacteria_Rhizobiales_Rhizobiales Incertae Sedis_Nordella",3.9257477872944,5.24776700311948,3.39129021826257,1.54742492248511,NA,NA
"Bacteria_Proteobacteria_Alphaproteobacteria_Rhizobiales_Xanthobacteraceae_Bradyrhizobium",44.2512040835574,1.80938803436099,2.23149650957732,0.810840629414075,NA,NA
"Bacteria_Proteobacteria_Alphaproteobacteria_Rhizobiales_Xanthobacteraceae_Nitrobacter",42.4767555497004,1.61659671540648,1.97475537116174,0.81863138037976,0.412996757601003,0.824338062999116
"Bacteria_Proteobacteria_Alphaproteobacteria_Rhizobiales_Xanthobacteraceae_Oligotropha",0,NA,NA,NA,NA,NA
"Bacteria_Proteobacteria_Alphaproteobacteria_Rhizobiales_Xanthobacteraceae_Pseudolabrys",10.4616301040968,2.38267956730137,2.85209806025302,0.835412919529841,0.40348525807712,0.818498666385014
"Bacteria_Proteobacteria_Alphaproteobacteria_Rickettsiales_AB1_",0,NA,NA,NA,NA,NA
"Bacteria_Proteobacteria_Alphaproteobacteria_Sphingomonadales_Sphingomonadaceae_Altererythrobacter",0,NA,NA,NA,NA,NA
"Bacteria_Proteobacteria_Alphaproteobacteria_Sphingomonadales_Sphingomonadaceae_Hephaestia",0,NA,NA,NA,NA,NA
"Bacteria_Proteobacteria_Gammaproteobacteria_Burkholderiales_Alcaligenaceae_Candidimonas",15.8102843552659,7.25632966464311,2.61865723473835,2.77101163465869,0.0055882430015929,0.30332870386856
"Bacteria_Proteobacteria_Gammaproteobacteria_Burkholderiales_Alcaligenaceae_Castellaniella",200.425071124704,1.50792048017984,2.67585148775667,0.563529211945921,0.57307457416932,0.935363098069464
"Bacteria_Proteobacteria_Gammaproteobacteria_Burkholderiales_Comamonadaceae_Ramlibacter",17.5356744199871,0.53670741174172,3.19881875744641,0.167783001300821,NA,NA
"Bacteria_Proteobacteria_Gammaproteobacteria_Enterobacterales_Enterobacteriaceae_Enterobacter",0,NA,NA,NA,NA,NA
"Bacteria_Proteobacteria_Gammaproteobacteria_Gammaproteobacteria Incertae Sedis_Unknown Family_Candidatus Ovatusbacter",0,NA,NA,NA,NA,NA
"Bacteria_Proteobacteria_Gammaproteobacteria_Xanthomonadales_Xanthomonadaceae_Thermomonas",0,NA,NA,NA,NA,NA
"Bacteria_Verrucomicrobiota_Verrucomicrobiae_Pedosphaerales_Pedosphaeraceae_",33.5640087869113,1.35680387260119,2.00806417784815,0.675677544357745,0.499245396179649,0.860011931336938
"Bacteria_Actinobacteriota_Actinobacteria_Micrococcales_Intrasporangiaceae_Knoellia",1.75531598243774,4.07763356389173,3.40116125614635,1.19889451184442,0.230568966028056,0.639746596158757
"Bacteria_Actinobacteriota_Actinobacteria_Micrococcales_Microbacteriaceae_Lysinimonas",1.62993626940648,3.97013611676858,3.40253275020944,1.16681789955562,0.243283916849105,0.639746596158757
"Bacteria_Bacteroidota_Bacteroidia_Bacteroidales_Prevotellaceae_Prevotella",7.77318011837991,-0.187960804106681,3.24610779385889,-0.0579034388390527,NA,NA
"Bacteria_Dependentiae_Babeliae_Babeliales_Babeliaceae_",2.00607540850028,4.27123312125505,3.39893337535019,1.25663925990164,0.208884291673354,0.639746596158757
"Bacteria_Dependentiae_Babeliae_Babeliales_UBA12409_",2.00607540850028,4.27123312125505,3.39893337535019,1.25663925990164,0.208884291673354,0.639746596158757
"Bacteria_Patescibacteria_Saccharimonadia_Saccharimonadales_",144.590390616088,0.90655762856398,1.88663156994799,0.480516515786372,0.630860162246892,0.955749367665317
"Bacteria_Planctomycetota_Planctomycetes_Isosphaerales_Isosphaeraceae_Tundrisphaera",4.51366966912563,5.44490550654284,3.39027986754321,1.60603422704702,NA,NA
"Bacteria_Planctomycetota_Planctomycetes_Planctomycetales_Rubinisphaeraceae_Planctomicrobium",1.25379713031267,3.58917957233126,3.40829756937734,1.05307107119375,0.292308420215311,0.715221240232672
"Bacteria_Proteobacteria_Alphaproteobacteria_Acetobacterales_Acetobacteraceae_",6.01032183443733,5.86044229870341,2.85119781528537,2.05543167411442,0.0398373287905443,0.628544520917477
"Bacteria_Proteobacteria_Alphaproteobacteria_Dongiales_Dongiaceae_Dongia",35.0266719212377,-0.0422009147909364,2.59641085007131,-0.0162535581723429,0.98703210785099,0.994450533095528
"Bacteria_Proteobacteria_Alphaproteobacteria_Rhizobiales_Rhizobiaceae_Aminobacter",5.1287116476867,5.63155061145233,2.92153794466309,1.9275979700143,0.0539051515757791,0.639746596158757
"Bacteria_Proteobacteria_Alphaproteobacteria_Sphingomonadales_Sphingomonadaceae_Sphingopyxis",11.821977302718,1.01497918163688,2.58765736026027,0.392238631444927,0.694881902683084,0.958427506152451
"Bacteria_Proteobacteria_Gammaproteobacteria_Burkholderiales_Comamonadaceae_Rhodoferax",16.8322264744477,7.34669485016013,2.95164752926515,2.48901495768676,0.0128097576319001,0.451576279588164
"Bacteria_Bacteroidota_Bacteroidia_Chitinophagales_Chitinophagaceae_Niastella",11.5646529158503,20.6019081693385,3.38606380115997,6.08432368057593,NA,NA
"Bacteria_Bacteroidota_Bacteroidia_Cytophagales_Cytophagaceae_Sporocytophaga",2.81010257768326,4.76291298195002,3.3944476372308,1.40314816752796,0.160572660199937,0.639746596158757
"Bacteria_Bacteroidota_Bacteroidia_Flavobacteriales_Crocinitomicaceae_Wandonia",15.6530147025529,-0.324454349194722,2.8888798477238,-0.112311472368906,0.91057644572204,0.987037063301753
"Bacteria_Bacteroidota_Bacteroidia_Sphingobacteriales_Sphingobacteriaceae_Pedobacter",20.7576108115262,-2.43399325593963,2.82755777728995,-0.860811147870681,0.389342064165345,0.801254682775058
"Bacteria_Firmicutes_Bacilli_Aneurinibacillales_Aneurinibacillaceae_Aneurinibacillus",5.18788168187678,5.64805482902738,3.38937321411306,1.66640097511521,NA,NA
"Bacteria_Firmicutes_Bacilli_Bacillales_Bacillaceae_Bacillus",17.4700050623485,-1.65524646876528,3.1742556842905,-0.521459716354027,NA,NA
"Bacteria_Firmicutes_Bacilli_Brevibacillales_Brevibacillaceae_Brevibacillus",8.32222686467733,20.1400618667666,3.38711312301555,5.94608480298877,NA,NA
"Bacteria_Firmicutes_Bacilli_Erysipelotrichales_Erysipelotrichaceae_Bulleidia",4.97171994513191,5.58662194523677,3.38963408296521,1.64814897670301,NA,NA
"Bacteria_Firmicutes_Bacilli_Lactobacillales_Streptococcaceae_Streptococcus",9.84954227790259,0.469865044862774,3.24281619182071,0.144894134316927,NA,NA
"Bacteria_Planctomycetota_Planctomycetes_Isosphaerales_Isosphaeraceae_Paludisphaera",5.70281605022031,0.0596857549535253,3.25360187900781,0.0183445169916507,0.985364014008428,0.994450533095528
"Bacteria_Proteobacteria_Gammaproteobacteria_Burkholderiales_Alcaligenaceae_Achromobacter",1.94545563070379,4.23179859798729,3.39936339745328,1.24487973282222,0.213175961815924,0.639746596158757
"Bacteria_Proteobacteria_Gammaproteobacteria_Burkholderiales_Oxalobacteraceae_Noviherbaspirillum",11.851173317107,-0.0472137303892409,3.2275333999218,-0.014628425035163,NA,NA
"Bacteria_Actinobacteriota_Actinobacteria_Corynebacteriales_Corynebacteriaceae_Corynebacterium",1.55939425833219,-4.41975920684097,3.41138939708769,-1.29558918445784,0.195117057276995,0.639746596158757
"Bacteria_Actinobacteriota_Actinobacteria_Micrococcales_Microbacteriaceae_Galbitalea",12.7156029833752,-0.126446898336753,2.90504121739312,-0.0435267140375454,0.96528166997868,0.994450533095528
"Bacteria_Actinobacteriota_Actinobacteria_Micrococcales_Microbacteriaceae_Parafrigoribacterium",10.9305592621058,1.10996892302722,3.22655950856892,0.344010057796679,NA,NA
"Bacteria_Actinobacteriota_Actinobacteria_Micrococcales_Micrococcaceae_Micrococcus",0,NA,NA,NA,NA,NA
"Bacteria_Bacteroidota_Bacteroidia_Flavobacteriales_Flavobacteriaceae_Flavobacterium",0,NA,NA,NA,NA,NA
"Bacteria_Deinococcota_Deinococci_Deinococcales_Deinococcaceae_Deinococcus",0,NA,NA,NA,NA,NA
"Bacteria_Firmicutes_Clostridia_Peptostreptococcales-Tissierellales_Family XI_Peptoniphilus",0,NA,NA,NA,NA,NA
"Bacteria_Patescibacteria_Saccharimonadia_Saccharimonadales_WWH38_",2.44035075618546,-0.0228798144823555,3.28955985455685,-0.00695528140357786,0.994450533095528,0.994450533095528
"Bacteria_Proteobacteria_Alphaproteobacteria_Caulobacterales_Caulobacteraceae_",1.17543480966813,3.51768834206995,3.4095579194239,1.03171391283017,0.302206157844791,0.715221240232672
"Bacteria_Proteobacteria_Alphaproteobacteria_Rhizobiales_D05-2_",0,NA,NA,NA,NA,NA
"Bacteria_Proteobacteria_Alphaproteobacteria_Rhizobiales_Rhizobiaceae_Ciceribacter",0,NA,NA,NA,NA,NA
"Bacteria_Proteobacteria_Alphaproteobacteria_Rhodobacterales_Rhodobacteraceae_Paracoccus",6.85170920015144,-1.15082112954711,3.25104072412524,-0.353985454875151,0.723349783740562,0.958427506152451
"Bacteria_Proteobacteria_Gammaproteobacteria_Enterobacterales_Morganellaceae_Arsenophonus",0,NA,NA,NA,NA,NA
"Bacteria_Proteobacteria_Gammaproteobacteria_Enterobacterales_Morganellaceae_Xenorhabdus",7.79697129166095,-21.2936103397238,3.38903874627695,-6.28308258886565,NA,NA
"Bacteria_Actinobacteriota_Actinobacteria_Micrococcales_Microbacteriaceae_Gryllotalpicola",30.7715911340514,-1.82263863619852,2.56970351055215,-0.709279739360627,0.478150898803475,0.859461109241689
"Bacteria_Actinobacteriota_Actinobacteria_Micrococcales_Microbacteriaceae_Humibacter",4.02155472491017,-0.480549224665427,3.2647987621337,-0.147191070469337,0.882981208564904,0.976590442099435
"Bacteria_Actinobacteriota_Actinobacteria_Micrococcales_Micrococcaceae_Kocuria",1.02817203952949,3.31793922952404,3.41342556947736,0.972026242257291,0.331037493511036,0.766160649649634
"Bacteria_Firmicutes_Bacilli_Bacillales_Sporolactobacillaceae_Pullulanibacillus",5.14086019764743,5.6365389524934,3.38942127485514,1.66297975241638,NA,NA
"Bacteria_Firmicutes_Bacilli_Paenibacillales_Paenibacillaceae_Cohnella",27.2248613127787,2.06647048652791,2.81245041103753,0.734758016858891,0.462486879845867,0.859461109241689
"Bacteria_Firmicutes_Clostridia_Lachnospirales_Lachnospiraceae_Blautia",2.80410556235314,4.7627915891802,3.39444856751497,1.40311202083318,NA,NA
"Bacteria_Gemmatimonadota_Gemmatimonadetes_Gemmatimonadales_Gemmatimonadaceae_Gemmatimonas",4.73294784893224,5.51825662347419,3.31123806839679,1.66652367165674,0.0956091574048099,0.639746596158757
"Bacteria_Patescibacteria_Berkelbacteria_",5.04739001223566,5.6100827221296,3.38953314879048,1.65511959195074,NA,NA
"Bacteria_Proteobacteria_Alphaproteobacteria_Caulobacterales_Caulobacteraceae_Brevundimonas",6.20648260047305,0.254323844119422,3.25195588602897,0.0782064250047321,NA,NA
"Bacteria_Proteobacteria_Alphaproteobacteria_Reyranellales_Reyranellaceae_Reyranella",3.08451611858846,4.90015223058885,3.39344424597143,1.44400552223781,NA,NA
"Bacteria_Proteobacteria_Alphaproteobacteria_Rhodospirillales_Rhodospirillaceae_",4.11268815811794,5.31482913910637,3.39093096093862,1.56736577663475,NA,NA
"Bacteria_Proteobacteria_Gammaproteobacteria_Burkholderiales_Gallionellaceae_Candidatus Nitrotoga",3.271456489412,4.98495866172369,3.39287009711986,1.46924536425822,NA,NA
"Bacteria_Proteobacteria_Gammaproteobacteria_Burkholderiales_Nitrosomonadaceae_Nitrosospira",6.26150954186344,5.92161041564856,3.18559897940063,1.85886875715998,0.0630457435532905,0.639746596158757
"Bacteria_Proteobacteria_Gammaproteobacteria_Burkholderiales_Oxalobacteraceae_Herminiimonas",10.3751905807066,20.4487927600978,3.3863709087055,6.03855670609772,NA,NA
"Bacteria_Proteobacteria_Gammaproteobacteria_Burkholderiales_Oxalobacteraceae_Oxalicibacterium",1.86940370823543,4.17860384560387,3.39996229739399,1.2290147596068,0.219066272227481,0.639746596158757
"Bacteria_Proteobacteria_Gammaproteobacteria_Salinisphaerales_Solimonadaceae_Alkanibacter",53.3857232143733,1.20520644422771,2.5785352681685,0.467399635407644,0.640213983401154,0.955749367665317
"Bacteria_Acidobacteriota_Acidobacteriae_Acidobacteriales_Acidobacteriaceae (Subgroup 1)_",3.44794210835986,5.06318504823561,3.39236950183177,1.49252168594891,NA,NA
"Bacteria_Acidobacteriota_Acidobacteriae_Bryobacterales_Bryobacteraceae_Bryobacter",3.5263044290044,5.09552533743981,3.39217032109238,1.50214312817845,NA,NA
"Bacteria_Acidobacteriota_Blastocatellia_Blastocatellales_Blastocatellaceae_Stenotrophobacter",6.4021538291765,-1.43667341856262,3.25454219436948,-0.441436408797567,NA,NA
"Bacteria_Bacteroidota_Bacteroidia_Chitinophagales_",1.72397105417993,4.06687946727388,3.40129393671782,1.19568597802469,0.231819125282578,0.639746596158757
"Bacteria_Dependentiae_Babeliae_Babeliales_Vermiphilaceae_",5.79881172769613,5.81167702684566,3.38873013886553,1.71500142787743,NA,NA
"Bacteria_Firmicutes_Bacilli_Paenibacillales_Paenibacillaceae_",6.50407261349701,5.97701851207095,3.38815018900217,1.76409491275568,NA,NA
"Bacteria_Myxococcota_Polyangia_Polyangiales_Sandaracinaceae_",2.50759426062535,4.60515332418704,3.39572484069864,1.35616209799837,NA,NA
"Bacteria_Patescibacteria_Parcubacteria_Candidatus Azambacteria_",1.17543480966813,3.51768834206995,3.4095579194239,1.03171391283017,0.302206157844791,0.715221240232672
"Bacteria_Patescibacteria_Parcubacteria_Candidatus Nomurabacteria_",1.4888840922463,3.8565188244677,3.40409697828587,1.13290509908142,0.257254108450363,0.652322917856279
"Bacteria_Planctomycetota_Planctomycetes_Planctomycetales_Rubinisphaeraceae_SH-PL14",11.7040730611255,-0.096897921764643,3.23419278680299,-0.0299604656098522,NA,NA
"Bacteria_Proteobacteria_Alphaproteobacteria_Acetobacterales_Acetobacteraceae_Rhodovastum",1.17543480966813,3.51768834206995,3.4095579194239,1.03171391283017,0.302206157844791,0.715221240232672
"Bacteria_Proteobacteria_Alphaproteobacteria_Caulobacterales_Caulobacteraceae_Caulobacter",0.861985527089965,3.07395277007847,3.41892795666847,0.899098433496635,0.368600232429826,0.769724014779931
"Bacteria_Proteobacteria_Alphaproteobacteria_Paracaedibacterales_Paracaedibacteraceae_",1.72397105417993,4.06687946727388,3.40129393671782,1.19568597802469,0.231819125282578,0.639746596158757
"Bacteria_Proteobacteria_Gammaproteobacteria_Burkholderiales_Alcaligenaceae_Eoetvoesia",7.97767927535252,-1.11865891796933,2.95084459155591,-0.379097876306487,0.704615183271897,0.958427506152451
"Bacteria_Proteobacteria_Gammaproteobacteria_CHAB-XI-27_",2.89940586384806,4.81391374341647,3.39406361338266,1.41833338787034,NA,NA
"Bacteria_Proteobacteria_Gammaproteobacteria_Diplorickettsiales_Diplorickettsiaceae_",4.78010155931708,5.53344283055685,3.38986902746123,1.63234708648936,NA,NA
"Bacteria_Proteobacteria_Gammaproteobacteria_Legionellales_Legionellaceae_Legionella",5.72044940705158,5.79208002262168,3.38880337874358,1.70918149425628,NA,NA
"Bacteria_Proteobacteria_Gammaproteobacteria_Pseudomonadales_Moraxellaceae_",2.11578265740264,4.36097755083982,3.39799722933125,1.2833964410554,0.19935322011071,0.639746596158757
"Bacteria_Verrucomicrobiota_Verrucomicrobiae_Chthoniobacterales_Chthoniobacteraceae_LD29",1.95905801611356,4.25042797864838,3.39915879273631,1.25043525113659,0.211140594138975,0.639746596158757
"Bacteria_Verrucomicrobiota_Verrucomicrobiae_Verrucomicrobiales_Rubritaleaceae_Luteolibacter",1.95905801611356,4.25042797864838,3.39915879273631,1.25043525113659,0.211140594138975,0.639746596158757
"Bacteria_Actinobacteriota_Actinobacteria_Micrococcales_Microbacteriaceae_Cryobacterium",1.55939425833219,-4.41975920684097,3.41138939708769,-1.29558918445784,0.195117057276995,0.639746596158757
"Bacteria_Bacteroidota_Bacteroidia_Flavobacteriales_Weeksellaceae_",7.46281537916119,-21.2266022135274,3.38929171761615,-6.26284308995896,NA,NA
"Bacteria_Chloroflexi_Ktedonobacteria_Ktedonobacterales_Ktedonobacteraceae_",8.57666842082704,-21.373684933341,3.38852526081442,-6.30766580981718,NA,NA
"Bacteria_Firmicutes_Bacilli_Lactobacillales_Lactobacillaceae_Lactobacillus",1.67077956249877,-4.51855870596436,3.4095450204373,-1.32526735352649,0.185082492905778,0.639746596158757
"Bacteria_Firmicutes_Clostridia_Peptostreptococcales-Tissierellales_Family XI_Finegoldia",2.45047669166487,-5.06776307146192,3.40128972632551,-1.48995336452468,0.13623649854492,0.639746596158757
"Bacteria_Myxococcota_Polyangia_Haliangiales_Haliangiaceae_Haliangium",8.16692208958665,-6.79531487860761,3.08706127844377,-2.20122448687939,0.0277201356135161,0.562322751017042
"Bacteria_Myxococcota_Polyangia_Polyangiales_Phaselicystidaceae_Phaselicystis",3.67571503749731,-5.65028161126069,3.39535265282055,-1.6641221660928,NA,NA
"Bacteria_Proteobacteria_Alphaproteobacteria_Rhizobiales_KF-JG30-B3_",1.78216486666536,-4.6110203149051,3.40792855277873,-1.35302728431481,0.176046914054457,0.639746596158757
"Bacteria_Proteobacteria_Gammaproteobacteria_Enterobacterales_Budviciaceae_Budvicia",7.01727416249485,-6.5807873274352,3.38966596060832,-1.94142650158194,NA,NA
"Bacteria_Proteobacteria_Gammaproteobacteria_Xanthomonadales_Rhodanobacteraceae_Chujaibacter",3.11878851666438,-5.41411804616032,3.39747701109306,-1.59357017824778,NA,NA
"Bacteria_Actinobacteriota_Actinobacteria_Micrococcales_Dermabacteraceae_Brachybacterium",11.2902381282636,-7.26236372547039,3.01194201062453,-2.41118975725716,0.0159005732249354,0.451576279588164
"Bacteria_Actinobacteriota_Actinobacteria_Micrococcales_Micrococcaceae_Paenarthrobacter",5.41014334523413,-6.20129217963911,3.39155615802325,-1.82845038993944,NA,NA
"Bacteria_Actinobacteriota_Actinobacteria_Micrococcales_Micrococcaceae_Rothia",7.79697129166095,-6.72901921619536,3.38905222679968,-1.98551652966105,NA,NA
"Bacteria_Firmicutes_Bacilli_Staphylococcales_Staphylococcaceae_Salinicoccus",2.54594980952194,-5.11206417855657,3.4007498799039,-1.50321674897803,0.132783159823098,0.639746596158757
"Bacteria_Firmicutes_Clostridia_Peptostreptococcales-Tissierellales_Family XI_Anaerococcus",6.36487452380486,-6.4359928271544,3.39032935212805,-1.89833852664333,NA,NA
"Bacteria_Proteobacteria_Alphaproteobacteria_Rhizobiales_Kaistiaceae_Kaistia",5.25102148213901,-6.1581758278101,3.39180396986752,-1.81560487649604,NA,NA
"Bacteria_Proteobacteria_Gammaproteobacteria_Burkholderiales_Comamonadaceae_Pelomonas",7.63784942856583,-6.69924922263456,3.38917048978082,-1.97666338793945,NA,NA
"Bacteria_Actinobacteriota_Actinobacteria_Micrococcales_Brevibacteriaceae_Brevibacterium",5.11480066616871,-6.11682256953964,3.39204868314735,-1.80328265921705,0.0713438345706034,0.639746596158757
"Bacteria_Actinobacteriota_Actinobacteria_Micrococcales_Microbacteriaceae_Agrococcus",3.78874123419904,-5.68211213888233,3.39509188019284,-1.67362543913232,0.0942042356788526,0.639746596158757
"Bacteria_Bacteroidota_Bacteroidia_Chitinophagales_Chitinophagaceae_Asinibacterium",4.16761535761895,-5.82022844212391,3.39402439647392,-1.71484578843057,0.086373504073606,0.639746596158757
"Bacteria_Bacteroidota_Bacteroidia_Chitinophagales_Chitinophagaceae_Parasediminibacterium",5.68311185129856,-6.26932818344754,3.39117982723847,-1.84871593452265,NA,NA
"Bacteria_Bacteroidota_Bacteroidia_Chitinophagales_Chitinophagaceae_Segetibacter",5.68311185129856,-6.26932818344754,3.39117982723847,-1.84871593452265,NA,NA
"Bacteria_Firmicutes_Clostridia_Peptostreptococcales-Tissierellales_Family XI_Ezakiella",4.7359265427488,-6.00538974726844,3.39274397151268,-1.77006865171465,0.0767157049804823,0.639746596158757
"Bacteria_Proteobacteria_Gammaproteobacteria_Burkholderiales_Comamonadaceae_Comamonas",13.0711572579867,-21.9939993999978,3.35298294576595,-6.55953214070807,NA,NA
"Bacteria_Actinobacteriota_Actinobacteria_Micrococcales_Promicromonosporaceae_Promicromonospora",0,NA,NA,NA,NA,NA
"Bacteria_Actinobacteriota_Actinobacteria_Propionibacteriales_Propionibacteriaceae_",0,NA,NA,NA,NA,NA
"Bacteria_Armatimonadota_Fimbriimonadia_Fimbriimonadales_Fimbriimonadaceae_",0,NA,NA,NA,NA,NA
"Bacteria_Bacteroidota_Bacteroidia_Flavobacteriales_Crocinitomicaceae_Lishizhenia",0,NA,NA,NA,NA,NA
"Bacteria_Firmicutes_Bacilli_Bacillales_Bacillaceae_Geobacillus",0,NA,NA,NA,NA,NA
"Bacteria_Proteobacteria_Alphaproteobacteria_Rhodospirillales_",0,NA,NA,NA,NA,NA
"Bacteria_Proteobacteria_Alphaproteobacteria_Sphingomonadales_Sphingomonadaceae_",0,NA,NA,NA,NA,NA
"Bacteria_Proteobacteria_Alphaproteobacteria_Sphingomonadales_Sphingomonadaceae_Ellin6055",0,NA,NA,NA,NA,NA
"Bacteria_Acidobacteriota_Blastocatellia_Pyrinomonadales_Pyrinomonadaceae_RB41",0,NA,NA,NA,NA,NA
"Bacteria_Actinobacteriota_Acidimicrobiia_Microtrichales_Ilumatobacteraceae_",0,NA,NA,NA,NA,NA
"Bacteria_Actinobacteriota_Actinobacteria_Micrococcales_Microbacteriaceae_Schumannella",0,NA,NA,NA,NA,NA
"Bacteria_Actinobacteriota_Actinobacteria_Propionibacteriales_Propionibacteriaceae_Friedmanniella",0,NA,NA,NA,NA,NA
"Bacteria_Firmicutes_Bacilli_Alicyclobacillales_Alicyclobacillaceae_Alicyclobacillus",0,NA,NA,NA,NA,NA
"Bacteria_Gemmatimonadota_Longimicrobia_Longimicrobiales_Longimicrobiaceae_",0,NA,NA,NA,NA,NA
"Bacteria_Myxococcota_Polyangia_Polyangiales_Polyangiaceae_Pajaroellobacter",0,NA,NA,NA,NA,NA
"Bacteria_Myxococcota_Polyangia_Polyangiales_Polyangiaceae_Sorangium",0,NA,NA,NA,NA,NA
"Bacteria_Planctomycetota_Phycisphaerae_Tepidisphaerales_WD2101 soil group_",0,NA,NA,NA,NA,NA
"Bacteria_Planctomycetota_Planctomycetes_Isosphaerales_Isosphaeraceae_Aquisphaera",0,NA,NA,NA,NA,NA
"Bacteria_Proteobacteria_Alphaproteobacteria_Defluviicoccales_Defluviicoccaceae_Defluviicoccus",0,NA,NA,NA,NA,NA
"Bacteria_Proteobacteria_Alphaproteobacteria_Rhizobiales_Beijerinckiaceae_alphaI cluster",0,NA,NA,NA,NA,NA
"Bacteria_Proteobacteria_Alphaproteobacteria_Rhizobiales_Labraceae_Labrys",0,NA,NA,NA,NA,NA
"Bacteria_Proteobacteria_Alphaproteobacteria_Rhizobiales_Rhizobiaceae_Ochrobactrum",0,NA,NA,NA,NA,NA
"Bacteria_Proteobacteria_Alphaproteobacteria_SAR11 clade_",0,NA,NA,NA,NA,NA
"Bacteria_Proteobacteria_Gammaproteobacteria_Burkholderiales_Comamonadaceae_Pseudorhodoferax",0,NA,NA,NA,NA,NA
"Bacteria_Proteobacteria_Gammaproteobacteria_Burkholderiales_Comamonadaceae_Simplicispira",0,NA,NA,NA,NA,NA
"Bacteria_Proteobacteria_Gammaproteobacteria_Enterobacterales_Enterobacteriaceae_Klebsiella",0,NA,NA,NA,NA,NA
"Bacteria_Proteobacteria_Gammaproteobacteria_Enterobacterales_Enterobacteriaceae_Salmonella",0,NA,NA,NA,NA,NA
"Bacteria_Proteobacteria_Gammaproteobacteria_Enterobacterales_Erwiniaceae_Pantoea",0,NA,NA,NA,NA,NA
"Bacteria_Proteobacteria_Gammaproteobacteria_JG36-TzT-191_",0,NA,NA,NA,NA,NA
"Bacteria_Proteobacteria_Gammaproteobacteria_Salinisphaerales_Solimonadaceae_",0,NA,NA,NA,NA,NA
"Bacteria_Proteobacteria_Gammaproteobacteria_Salinisphaerales_Solimonadaceae_Nevskia",0,NA,NA,NA,NA,NA
"Bacteria_Proteobacteria_Gammaproteobacteria_Steroidobacterales_Steroidobacteraceae_Steroidobacter",0,NA,NA,NA,NA,NA
"Bacteria_Actinobacteriota_Actinobacteria_Propionibacteriales_Nocardioidaceae_Kribbella",0,NA,NA,NA,NA,NA
"Bacteria_Bacteroidota_Bacteroidia_Chitinophagales_Chitinophagaceae_Flavisolibacter",0,NA,NA,NA,NA,NA
"Bacteria_Firmicutes_Bacilli_Lactobacillales_Enterococcaceae_Enterococcus",0,NA,NA,NA,NA,NA
"Bacteria_Firmicutes_Clostridia_Peptostreptococcales-Tissierellales_Peptostreptococcaceae_Peptoclostridium",0,NA,NA,NA,NA,NA
"Bacteria_Proteobacteria_Gammaproteobacteria_Burkholderiales_Oxalobacteraceae_Candidatus Profftella",0,NA,NA,NA,NA,NA
"Bacteria_Proteobacteria_Gammaproteobacteria_Enterobacterales_Enterobacteriaceae_Buttiauxella",0,NA,NA,NA,NA,NA
"Bacteria_Actinobacteriota_Actinobacteria_Frankiales_Nakamurellaceae_Nakamurella",0,NA,NA,NA,NA,NA
"Bacteria_Actinobacteriota_Actinobacteria_Micrococcales_Dermacoccaceae_Flexivirga",0,NA,NA,NA,NA,NA
"Bacteria_Actinobacteriota_Thermoleophilia_Solirubrobacterales_Solirubrobacteraceae_Conexibacter",0,NA,NA,NA,NA,NA
"Bacteria_Chloroflexi_Ktedonobacteria_Ktedonobacterales_Ktedonobacteraceae_Ktedonobacter",0,NA,NA,NA,NA,NA
"Bacteria_Planctomycetota_Planctomycetes_Planctomycetales_Rubinisphaeraceae_",0,NA,NA,NA,NA,NA
"Bacteria_Proteobacteria_Alphaproteobacteria_Azospirillales_Inquilinaceae_Inquilinus",0,NA,NA,NA,NA,NA
"Bacteria_Bacteroidota_Bacteroidia_Chitinophagales_Chitinophagaceae_Sediminibacterium",0,NA,NA,NA,NA,NA
"Bacteria_Proteobacteria_Alphaproteobacteria_Defluviicoccales_",0,NA,NA,NA,NA,NA
"Bacteria_Proteobacteria_Alphaproteobacteria_Rhizobiales_Beijerinckiaceae_Bosea",0,NA,NA,NA,NA,NA
"Bacteria_Proteobacteria_Alphaproteobacteria_Rhizobiales_Xanthobacteraceae_Rhodopseudomonas",0,NA,NA,NA,NA,NA
"Bacteria_Actinobacteriota_Thermoleophilia_Solirubrobacterales_Solirubrobacteraceae_Solirubrobacter",0,NA,NA,NA,NA,NA
"Bacteria_Bacteroidota_Bacteroidia_Cytophagales_Hymenobacteraceae_Hymenobacter",0,NA,NA,NA,NA,NA
"Bacteria_Firmicutes_Negativicutes_Veillonellales-Selenomonadales_Selenomonadaceae_Selenomonas",0,NA,NA,NA,NA,NA
