JGI ID,Genus,Family,Order,Class,Phylum
Agabi_varbur_1,Agaricus,Agaricaceae,Agaricales,Agaricomycetes,Basidiomycetes
Altalt1,Alternaria,Pleosporaceae,Pleosporales,Dothideomycetes,Ascomycetes
Altro1,Alternaria,Pleosporaceae,Pleosporales,Dothideomycetes,Ascomycetes
Altal1,Alternaria,Pleosporaceae,Pleosporales,Dothideomycetes,Ascomycetes
Altbr1,Alternaria,Pleosporaceae,Pleosporales,Dothideomycetes,Ascomycetes
Amamu1,Amanita,Amanitaceae,Agaricales,Agaricomycetes,Basidiomycetes
Armost1,Armilaria,Physalacriaceae,Agaricales,Agaricomycetes,Basidiomycetes
Ascsa1,Ascocoryne,Gelatinodiscaceae,Helotiales,Leotiomycetes,Ascomycetes
Aspcam1,Aspergillus,Aspergillaceae,Eurotiales,Eurotiomycetes,Ascomycetes
Aspnov1,Aspergillus,Aspergillaceae,Eurotiales,Eurotiomycetes,Ascomycetes
Aspoch1,Aspergillus,Aspergillaceae,Eurotiales,Eurotiomycetes,Ascomycetes
Asptaic1,Aspergillus,Aspergillaceae,Eurotiales,Eurotiomycetes,Ascomycetes
Bauco1,Baudoinia,Teratosphaeriaceae,Capnodiales,Dothideomycetes,Ascomycetes
Blugr2,Blumeria,Erysiphaceae,Erysiphales,Leotiomycetes,Ascomycetes
BlugrR1_1,Blumeria,Erysiphaceae,Erysiphales,Leotiomycetes,Ascomycetes
Boeex1,Boeremia,Didymellaceae,Pleosporales,Dothideomycetes,Ascomycetes
Botbo1,Botryobasidium,Botryobasidiaceae,Cantharellales,Agaricomycetes,Basidiomycetes
Botci1,Botrytis,Sclerotiniaceae,Helotiales,Leotiomycetes,Ascomycetes
Cadsp1,Cadophora,Ploettnerulaceae,Helotiales,Leotiomycetes,Ascomycetes
Cenge3,Cenococcum,Gloniaceae,incertae sedis,Dothideomycetes,Ascomycetes
Chafu1,Chaetomium,Chaetomiaceae,Sordariales,Sordariomycetes,Ascomycetes
Chagl1,Chaetomium,Chaetomiaceae,Sordariales,Sordariomycetes,Ascomycetes
Chame1,Chaetomium,Chaetomiaceae,Sordariales,Sordariomycetes,Ascomycetes
Chagl_1,Chaetomium,Chaetomiaceae,Sordariales,Sordariomycetes,Ascomycetes
Chalo1,Chalara,,Helotiales,Leotiomycetes,Ascomycetes
Clapu1,Claviceps,Clavicipitaceae,Hypocreales,Sordariomycetes,Ascomycetes
Cocsa1,Cochliobolus,Pleosporaceae,Pleosporales,Dothideomycetes,Ascomycetes
Cocvi1,Cochliobolus,Pleosporaceae,Pleosporales,Dothideomycetes,Ascomycetes
Colch1,Colletotrichum,Glomerellaceae,Glomerellales,Sordariomycetes,Ascomycetes
Colhig2,Colletotrichum,Glomerellaceae,Glomerellales,Sordariomycetes,Ascomycetes
Colto1,Colletotrichum,Glomerellaceae,Glomerellales,Sordariomycetes,Ascomycetes
Copph3,Coprinopsis,Psathyrellaceae,Agaricales,Agaricomycetes,Basidiomycetes
Copci1,Coprinopsis,Psathyrellaceae,Agaricales,Agaricomycetes,Basidiomycetes
Corca1,Corynespora,Corynesporascaceae,Pleosporales,Dothideomycetes,Ascomycetes
Cylol1,Cylindrocarpon,Nectriaceae,Hypocreales,Sordariomycetes,Ascomycetes
Daces1,Dactylonectria,Nectriaceae,Hypocreales,Sordariomycetes,Ascomycetes
Dacma1,Dactylonectria,Nectriaceae,Hypocreales,Sordariomycetes,Ascomycetes
DalEC12_1,Daldinia,Hypoxylaceae,Xylariales,Sordariomycetes,Ascomycetes
Denna1,Dendryphion,Torulaceae,Pleosporales,Dothideomycetes,Ascomycetes
Dipse1,Diplodia,Botryosphaeriaceae,Botryosphaeriales,Dothideomycetes,Ascomycetes
Fusco1,Fusarium,Nectriaceae,Hypocreales,Sordariomycetes,Ascomycetes
Fuseq1,Fusarium,Nectriaceae,Hypocreales,Sordariomycetes,Ascomycetes
Fusoxy1,Fusarium,Nectriaceae,Hypocreales,Sordariomycetes,Ascomycetes
Fusoxys1,Fusarium,Nectriaceae,Hypocreales,Sordariomycetes,Ascomycetes
Fusre1,Fusarium,Nectriaceae,Hypocreales,Sordariomycetes,Ascomycetes
Fusso1,Fusarium,Nectriaceae,Hypocreales,Sordariomycetes,Ascomycetes
Fustr1,Fusarium,Nectriaceae,Hypocreales,Sordariomycetes,Ascomycetes
Fustri1,Fusarium,Nectriaceae,Hypocreales,Sordariomycetes,Ascomycetes
Fusven1,Fusarium,Nectriaceae,Hypocreales,Sordariomycetes,Ascomycetes
Fusfu1,Fusarium,Nectriaceae,Hypocreales,Sordariomycetes,Ascomycetes
Fusgr1,Fusarium,Nectriaceae,Hypocreales,Sordariomycetes,Ascomycetes
Fusox2,Fusarium,Nectriaceae,Hypocreales,Sordariomycetes,Ascomycetes
Fusve2,Fusarium,Nectriaceae,Hypocreales,Sordariomycetes,Ascomycetes
Fuscu1,Fusarium,Nectriaceae,Hypocreales,Sordariomycetes,Ascomycetes
Gaegr1,Gaeumannomyces,Magnaporthaceae,Magnaporthales,Sordariomycetes,Ascomycetes
Galma1,Galerina,Strophariaceae,Agaricales,Agaricomycetes,Basidiomycetes
Geopyr1,Geosiphon,Geosiphonaceae,Archaeosporales,Glomeromycetes,Mucoromycetes
Gigmar1,Gigaspora,Gigasporaceae,Diversisporales,Glomeromycetes,Mucoromycetes
Gigro1,Gigaspora,Gigasporaceae,Diversisporales,Glomeromycetes,Mucoromycetes
Gyman1,Gymnopus,Omphalotaceae,Agaricales,Agaricomycetes,Basidiomycetes
Zalva1,Halenospora,Tricladiaceae,Helotiales,Leotiomycetes,Ascomycetes
Falor1,Harpophora,Magnaporthaceae,Magnaporthales,Sordariomycetes,Ascomycetes
Hebcy2,Hebeloma,Hymenogastraceae,Agaricales,Agaricomycetes,Basidiomycetes
Hetan2,Heterobasidion,Bondarzewiaceae,Boletales,Agaricomycetes,Basidiomycetes
Ilyeu1,Ilyonectria,Nectriaceae,Hypocreales,Sordariomycetes,Ascomycetes
Neora1,Ilyonectria,Nectriaceae,Hypocreales,Sordariomycetes,Ascomycetes
Lacbi2,Laccaria,Hydnangiaceae,Agaricales,Agaricomycetes,Basidiomycetes
Lepor2,Leptodontidium,Leptodontidiaceae,Helotiales,Leotiomycetes,Ascomycetes
Lepmu1,Leptosphaeria,Leptosphaeriaceae,Pleosporales,Dothideomycetes,Ascomycetes
Lobtra1,Lobosporangium,Mortierellaceae,Mortierellales,Mortierellomycetes,Mucoromycetes
Macpha1,Macrophomina,Botryosphaeriaceae,Botryosphaeriales,Dothideomycetes,Ascomycetes
Macph1,Macrophomina,Botryosphaeriaceae,Botryosphaeriales,Dothideomycetes,Ascomycetes
Maggr1,Magnaporthe,Magnaporthaceae,Magnaporthales,Sordariomycetes,Ascomycetes
MagnaMG8,Magnaporthe,Magnaporthaceae,Magnaporthales,Sordariomycetes,Ascomycetes
MagorGY11_1,Magnaporthe,Magnaporthaceae,Magnaporthales,Sordariomycetes,Ascomycetes
Melbi2,Meliniomyces,Hyaloscyphaceae,Helotiales,Leotiomycetes,Ascomycetes
Melva1,Meliniomyces,Hyaloscyphaceae,Helotiales,Leotiomycetes,Ascomycetes
Mictri1,Microdochium,Microdochiaceae,Xylariales,Sordariomycetes,Ascomycetes
Micbo1,Microdochium,Microdochiaceae,Xylariales,Sordariomycetes,Ascomycetes
Morco1,Morchella,Morchellaceae,Pezizales,Pezizomycetes,Ascomycetes
Morel_U14_1,Mortierella,Mortierellaceae,Mortierellales,Mortierellomycetes,Mucoromycetes
Morel2,Mortierella,Mortierellaceae,Mortierellales,Mortierellomycetes,Mucoromycetes
Spoth2,Myceliophthora,Chaetomiaceae,Sordariales,Sordariomycetes,Ascomycetes
Neodi1,Neonectria,Nectriaceae,Hypocreales,Sordariomycetes,Ascomycetes
Neucr2,Neurospora,Sordariaceae,Sordariales,Sordariomycetes,Ascomycetes
Oidma1,Oidiodendron,Myxotrichaceae,incertae sedis,Leotiomycetes,Ascomycetes
Parch1,Paraphoma,Phaeosphaeriaceae,Pleosporales,Dothideomycetes,Ascomycetes
Parchr1,Paraphoma,Phaeosphaeriaceae,Pleosporales,Dothideomycetes,Ascomycetes
Paxin1,Paxillus,Paxillaceae,Atheliales,Agaricomycetes,Basidiomycetes
Pensub1,Penicillium,Aspergillaceae,Eurotiales,Eurotiomycetes,Ascomycetes
Perma1,Periconia,Periconiaceae,Pleosporales,Dothideomycetes,Ascomycetes
Phapo1,Phaeosphaeria,Phaeosphaeriaceae,Pleosporales,Dothideomycetes,Ascomycetes
Phisc1,Phialocephala,Mollisiaceae,Helotiales,Leotiomycetes,Ascomycetes
Pilcr1,Piloderma,Atheliaceae,Atheliales,Agaricomycetes,Basidiomycetes
Pismi1,Pisolithus,Pisolithaceae,Boletales,Agaricomycetes,Basidiomycetes
Plecuc1,Plectosphaerella,Plectosphaerellaceae,Glomerellales,Sordariomycetes,Ascomycetes
Plecucu2,Plectosphaerella,Plectosphaerellaceae,Glomerellales,Sordariomycetes,Ascomycetes
PleosPC15_1,Pleurotus,Pleurotaceae,Agaricales,Agaricomycetes,Basidiomycetes
Mycfi2,Pseudocercospora,Mycosphaerellaceae,Capnodiales,Dothideomycetes,Ascomycetes
Pyrly1,Pyrenochaeta,Cucurbitariaceae,Pleosporales,Dothideomycetes,Ascomycetes
Pyrsp1,Pyrenochaeta,Cucurbitariaceae,Pleosporales,Dothideomycetes,Ascomycetes
Pyrtr1,Pyrenophora,Pleosporaceae,Pleosporales,Dothideomycetes,Ascomycetes
Pyrtt1,Pyrenophora,Pleosporaceae,Pleosporales,Dothideomycetes,Ascomycetes
Ramcocy1,Ramularia,Mycosphaerellaceae,Mycosphaerellales,Dothideomycetes,Ascomycetes
Rhesp1,Rhexocercosporidium,,Helotiales,Leotiomycetes,Ascomycetes
Thacu1,Rhizoctonia,Ceratobasidiaceae,Cantharellales,Agaricomycetes,Basidiomycetes
Rhiir2_1,Rhizophagus,Glomeraceae,Glomerales,Glomeromycetes,Mucoromycetes
Rhice1_1,Rhizophagus,Glomeraceae,Glomerales,Glomeromycetes,Mucoromycetes
Rhicl1,Rhizophagus,Glomeraceae,Glomerales,Glomeromycetes,Mucoromycetes
Rhidi1,Rhizophagus,Glomeraceae,Glomerales,Glomeromycetes,Mucoromycetes
Rhier1,Rhizoscyphus,Hyaloscyphaceae,Helotiales,Leotiomycetes,Ascomycetes
Rhyco1,Rhynchosporium,Ploettnerulaceae,Helotiales,Leotiomycetes,Ascomycetes
Rhyag1,Rhynchosporium,Ploettnerulaceae,Helotiales,Leotiomycetes,Ascomycetes
Rhyse1,Rhynchosporium,Ploettnerulaceae,Helotiales,Leotiomycetes,Ascomycetes
Schco1,Schizophyllum,Schizophyllaceae,Agaricales,Agaricomycetes,Basidiomycetes
Sclci1,Scleroderma,Sclerodermataceae,Boletales,Agaricomycetes,Basidiomycetes
Sclsc1,Sclerotinia,Sclerotiniaceae,Helotiales,Leotiomycetes,Ascomycetes
Sebve1,Serendipita,Serendipitaceae,Sebacinales,Agaricomycetes,Basidiomycetes
Sindi4,Serendipita,Serendipitaceae,Sebacinales,Agaricomycetes,Basidiomycetes
Sodal1,Sodiomyces,Plectosphaerellaceae,Glomerellales,Sordariomycetes,Ascomycetes
Sorhu1,Sordaria,Sordariaceae,Sordariales,Sordariomycetes,Ascomycetes
Spore1,Sporisorium,Ustilaginaceae,Ustilaginales,Ustilaginomycetes,Basidiomycetes
Spogr1,Sporisorium,Ustilaginaceae,Ustilaginales,Ustilaginomycetes,Basidiomycetes
Stael1,Stachybotrys,Stachybotryaceae,Hypocreales,Sordariomycetes,Ascomycetes
Stano2,Stagonospora,Massarinaceae,Pleosporales,Dothideomycetes,Ascomycetes
Stely1,Stemphylium,Pleosporaceae,Pleosporales,Dothideomycetes,Ascomycetes
Thite2,Thielavia,Chaetomiaceae,Sordariales,Sordariomycetes,Ascomycetes
Tilin1,Tilletia,Tilletiaceae,Ustilaginales,Ustilaginomycetes,Basidiomycetes
Trave1,Trametes,Polyporaceae,Boletales,Agaricomycetes,Basidiomycetes
Triat2,Trichoderma,Hypocreaceae,Hypocreales,Sordariomycetes,Ascomycetes
Trire2,Trichoderma,Hypocreaceae,Hypocreales,Sordariomycetes,Ascomycetes
TriviGv29_8_2,Trichoderma,Hypocreaceae,Hypocreales,Sordariomycetes,Ascomycetes
Truan1,Truncatella,Sporocadaceae,Xylariales,Sordariomycetes,Ascomycetes
Tubae1,Tuber,Tuberaceae,Pezizales,Pezizomycetes,Ascomycetes
Tubma1,Tuber,Tuberaceae,Pezizales,Pezizomycetes,Ascomycetes
Tulca1,Tulasnella,Tulasnellaceae,Cantharellales,Agaricomycetes,Basidiomycetes
Ustma2_2,Ustilago,Ustilaginaceae,Ustilaginales,Ustilaginomycetes,Basidiomycetes
Usthor1,Ustilago,Ustilaginaceae,Ustilaginales,Ustilaginomycetes,Basidiomycetes
Ustbr1,Ustilago,Ustilaginaceae,Ustilaginales,Ustilaginomycetes,Basidiomycetes
U_tricho_v1,Ustilago,Ustilaginaceae,Ustilaginales,Ustilaginomycetes,Basidiomycetes
Verdah1,Verticillium,Plectosphaerellaceae,Glomerellales,Sordariomycetes,Ascomycetes
Veral1,Verticillium,Plectosphaerellaceae,Glomerellales,Sordariomycetes,Ascomycetes
Verda1,Verticillium,Plectosphaerellaceae,Glomerellales,Sordariomycetes,Ascomycetes
VerdaJR2,Verticillium,Plectosphaerellaceae,Glomerellales,Sordariomycetes,Ascomycetes
Zymtr1,Zymoseptoria,Mycosphaerellaceae,Mycosphaerellales,Dothideomycetes,Ascomycetes
Zpa63,Zymoseptoria,Mycosphaerellaceae,Mycosphaerellales,Dothideomycetes,Ascomycetes
Mycgr3,Zymoseptoria,Mycosphaerellaceae,Mycosphaerellales,Dothideomycetes,Ascomycetes
Olipa1,,,Auriculariales,Agaricomycetes,Basidiomycetes
Phimu1,,,incertae sedis,Leotiomycetes,Ascomycetes
Helo229,,,Helotiales,Leotiomycetes,Ascomycetes
Pirin1,Serendipita,Serendipitaceae,Sebacinales,Agaricomycetes,Basidiomycetes
