,Gene ID bis,pLDDT,Probability of antimicrobial activity,Prediction,isCAZyme,isTM,rank
OG0000004,jgi|Colhig2|10128,84.9853685168335,0.0190775380812781,Non-antimicrobial,1,0,1
OG0000013,jgi|Phisc1|634549,91.41586833144154,0.2763949172540419,Non-antimicrobial,0,0,2
OG0000002,jgi|Zymtr1|51289,42.242113475177305,0.2532495264726598,Non-antimicrobial,0,0,3
OG0000007,jgi|Rhier1|359102,87.51149056072134,0.9991415755698032,Antimicrobial,0,0,4
OG0000144,jgi|Trire2|33895,88.02276404494381,0.3176865250009455,Non-antimicrobial,0,0,5
OG0000215,jgi|Phisc1|655323,89.09688593056643,0.9104842249214044,Antimicrobial,0,0,6
OG0000073,jgi|Chalo1|302900,67.37739591218774,0.8195864755227941,Antimicrobial,0,0,7
OG0000019,jgi|Tubma1|19470,41.71029850746268,0.0354776300965118,Non-antimicrobial,0,0,8
OG0000192,jgi|Phisc1|572892,76.4396801266825,0.0001708958498926,Non-antimicrobial,0,1,9
OG0000023,jgi|Trire2|65406,78.73458773784355,0.9829658590326946,Antimicrobial,1,0,10
OG0000074,jgi|Chalo1|452277,92.06511559272012,0.7943948863316741,Antimicrobial,0,0,11
OG0000135,jgi|Cadsp1|518615,84.76055544084245,0.2805419038196316,Non-antimicrobial,1,0,12
OG0000208,jgi|Rhesp1|463144,71.70722478576137,0.9379902639257048,Antimicrobial,0,1,13
OG0000210,jgi|Cadsp1|417943,81.90588865979382,0.7912839868401376,Antimicrobial,0,1,14
OG0000195,jgi|Rhier1|679008,88.64028340080971,0.977542062053071,Antimicrobial,0,0,15
OG0000213,jgi|Colto1|8518,84.54094032023289,0.958089096622143,Antimicrobial,0,0,16
OG0000010,jgi|Tubma1|360125,89.74655247417074,0.8161201089668706,Antimicrobial,1,0,17
OG0000158,jgi|Colch1|4576,91.8563435281267,0.9964160150919624,Antimicrobial,0,0,18
OG0000214,jgi|Rhier1|623972,76.95019468186135,0.991649649794132,Antimicrobial,0,0,19
OG0000205,jgi|Thite2|2107700,90.40705324580598,0.8840494123696198,Antimicrobial,0,0,20
OG0000000,jgi|Pilcr1|823739,55.75031390134529,0.0003185246473806,Non-antimicrobial,0,0,21
OG0000034,jgi|Pyrly1|416899,85.0744401168452,0.6678769676863567,Antimicrobial,0,0,22
OG0000225,jgi|Lepor2|625331,90.3378626977742,0.2591523210892054,Non-antimicrobial,0,1,23
OG0000178,jgi|Triat2|298376,86.01214820982514,0.0817604844202895,Non-antimicrobial,0,0,24
OG0000061,jgi|Pensub1|11350,86.17796722990272,0.998145600565771,Antimicrobial,0,0,25
OG0000231,jgi|Chalo1|495317,81.16348596750369,0.1484016160414201,Non-antimicrobial,0,1,26
OG0000057,jgi|Cadsp1|513012,85.04941114982579,0.0828922353813725,Non-antimicrobial,0,0,27
OG0000054,jgi|Phisc1|583268,75.99710535588443,0.8286102705958969,Antimicrobial,0,1,28
OG0000235,jgi|Chalo1|420412,85.30638370118845,0.9855155793122344,Antimicrobial,0,1,29
OG0000220,jgi|Zalva1|512544,82.52982774418179,0.9965651017514467,Antimicrobial,0,1,30
OG0000190,jgi|Denna1|435030,82.39910317460317,0.0322727931970605,Non-antimicrobial,1,0,31
OG0000003,jgi|Pensub1|2292,49.262175000000006,0.0704974366582231,Non-antimicrobial,0,0,32
OG0000046,jgi|Daces1|614904,88.20946355446355,0.1568807330335157,Non-antimicrobial,0,0,33
OG0000152,jgi|Cenge3|660091,83.5882548794489,0.995836210330298,Antimicrobial,1,0,34
OG0000043,jgi|Hetan2|248158,56.011418181818186,0.0089933044157084,Non-antimicrobial,0,0,35
OG0000052,jgi|Cylol1|108685,87.52870264474625,0.991634130492465,Antimicrobial,1,0,36
OG0000230,jgi|Rhesp1|550016,72.34034193548386,0.8122149675854089,Antimicrobial,0,1,37
OG0000024,jgi|Melva1|568969,92.57727191413238,0.9998993750716028,Antimicrobial,1,0,38
OG0000077,jgi|Cadsp1|426512,84.39314999999999,0.9998576763692076,Antimicrobial,1,0,39
OG0000015,jgi|Cylol1|525986,85.13959502458778,0.9999900417177272,Antimicrobial,1,0,40
OG0000237,jgi|Melva1|549983,84.59171018945213,0.8558825036639667,Antimicrobial,0,1,41
OG0000020,jgi|Phisc1|549415,78.62787913340937,0.9316682153357224,Antimicrobial,0,0,42
OG0000012,jgi|Tulca1|66675,89.65586167800454,0.254433621767793,Non-antimicrobial,0,0,43
OG0000102,jgi|Neora1|565336,74.60326105087573,0.7038795406054654,Antimicrobial,0,0,44
OG0000202,jgi|Rhesp1|266407,87.62418363107604,0.9349037199669706,Antimicrobial,0,1,45
OG0000014,jgi|Colto1|5086,76.76410531528556,0.9966926177629158,Antimicrobial,1,0,46
OG0000141,jgi|Morel2|576036,30.43289111854329,0.9558459167187432,Antimicrobial,0,0,47
OG0000248,jgi|Melbi2|594272,81.87542984979227,0.9925514015151936,Antimicrobial,0,0,48
OG0000252,jgi|Chalo1|452150,78.60178150217257,0.983876448357164,Antimicrobial,0,1,49
OG0000247,jgi|Macpha1|655330,72.06988598256204,0.9950254813504472,Antimicrobial,0,1,50
OG0000142,jgi|Phisc1|756530,77.95858010410643,0.0309911392029835,Non-antimicrobial,0,1,51
OG0000251,jgi|Chalo1|359171,76.82153533987149,0.8879131842075381,Antimicrobial,0,1,52
OG0000229,jgi|Ascsa1|9005,71.1973550505487,0.0,Non-antimicrobial,1,0,53
OG0000079,jgi|Truan1|637922,90.65976982097186,0.7142222260465929,Antimicrobial,0,0,54
OG0000009,jgi|Perma1|619939,88.63,0.9892128069113336,Antimicrobial,1,0,55
OG0000044,jgi|Botbo1|236799,87.09848021582735,0.6647278203117808,Antimicrobial,0,0,56
OG0000250,jgi|Phisc1|615570,81.31995196156925,0.0026216855884554,Non-antimicrobial,1,0,57
OG0000239,jgi|Melva1|641112,79.10074389424155,0.2285505179304309,Non-antimicrobial,0,1,58
OG0000256,jgi|Lepor2|635787,83.11958431808702,0.879201317862643,Antimicrobial,0,1,59
OG0000257,jgi|Dacma1|638943,81.25138728323698,0.121711171218119,Non-antimicrobial,0,1,60
OG0000037,jgi|Corca1|598228,90.44011315417256,0.5520064668236673,Antimicrobial,1,0,61
OG0000011,jgi|Stano2|1508,50.18702786377709,0.996752358146364,Antimicrobial,0,0,62
OG0000064,jgi|Sclsc1|13993,81.71302033492822,0.9950688417529794,Antimicrobial,0,0,63
OG0000245,jgi|Cadsp1|510522,83.2399917287014,0.9532384251183168,Antimicrobial,0,1,64
OG0000001,jgi|Morco1|529761,87.29445083014048,0.936657793563847,Antimicrobial,1,0,65
OG0000030,jgi|Aspnov1|372610,90.8208041799182,0.8281605601223112,Antimicrobial,1,0,66
OG0000022,jgi|Olipa1|667636,47.628755458515286,1.5490624210346022e-05,Non-antimicrobial,0,0,67
OG0000081,nan,61.37734856007944,0.1732339452666272,Non-antimicrobial,0,0,68
OG0000232,jgi|Rhier1|597780,68.78065317387303,0.184851960305957,Non-antimicrobial,0,0,69
OG0000179,jgi|Colch1|3608,70.7997989143844,0.9992530282865716,Antimicrobial,0,1,70
OG0000101,jgi|Phimu1|652061,82.74620262390671,0.9845475641491112,Antimicrobial,1,0,71
OG0000264,jgi|Chalo1|428263,62.20298803929945,0.003911513356271,Non-antimicrobial,0,0,72
OG0000262,jgi|Colto1|2464,82.66385477582847,0.0097161105340138,Non-antimicrobial,0,1,73
OG0000266,jgi|Corca1|574108,84.49905045689313,0.0138054065317841,Non-antimicrobial,0,1,74
OG0000039,jgi|Chalo1|326170,80.69860844870429,0.9726182238508668,Antimicrobial,1,0,75
OG0000018,jgi|Trave1|147958,82.55976388888888,0.9950759490351754,Antimicrobial,0,0,76
OG0000006,jgi|Neodi1|9021,89.32036347318824,0.6238093560949857,Antimicrobial,1,0,77
OG0000259,jgi|Altro1|398971,85.41606873822975,0.0001933281886355,Non-antimicrobial,0,1,78
OG0000120,jgi|Phisc1|692244,92.57654919236418,0.9983601769950168,Antimicrobial,0,0,79
OG0000153,jgi|Cenge3|657914,88.48626861771623,0.9779494247111926,Antimicrobial,1,0,80
OG0000017,jgi|Phimu1|691778,83.35076736672052,0.8204750501021036,Antimicrobial,0,0,81
OG0000180,jgi|Chalo1|430818,79.35412338350648,0.5294454953190226,Antimicrobial,0,0,82
OG0000008,jgi|Oidma1|116903,85.26320436158986,0.9006075788213193,Antimicrobial,0,0,83
OG0000053,jgi|Mictri1|252034,90.347704970949,0.0876102659067755,Non-antimicrobial,0,0,84
OG0000184,jgi|Melbi2|409393,73.21276356723124,0.999995957548052,Antimicrobial,0,1,85
OG0000005,jgi|Melbi2|599716,86.08605906560155,0.9552661650207294,Antimicrobial,1,0,86
OG0000185,jgi|Lepor2|594747,90.08351145038168,0.1186304517161532,Non-antimicrobial,0,0,87
OG0000136,jgi|Cenge3|557611,89.89885232526515,0.955332548043566,Antimicrobial,1,0,88
OG0000287,jgi|Thite2|2107548,80.78685860382393,0.3274461474660959,Non-antimicrobial,0,0,89
OG0000032,jgi|Spoth2|2309623,52.05930635838149,0.1841132746985765,Non-antimicrobial,0,0,90
OG0000050,jgi|Gigmar1|5678,84.61260814249363,0.0546782744444975,Non-antimicrobial,1,0,91
OG0000277,jgi|Ilyeu1|587815,70.58058551617874,0.977109575729076,Antimicrobial,0,1,92
OG0000291,jgi|Melva1|551034,85.59880707527766,0.0237829293439302,Non-antimicrobial,0,0,93
OG0000275,jgi|Parchr1|236094,84.89315376382447,0.0398711419339042,Non-antimicrobial,0,1,94
OG0000058,jgi|PleosPC15|1,91.0634070940449,0.7541572741115841,Antimicrobial,1,0,95
OG0000100,jgi|Chafu1|348488,68.55947100063734,0.8049513522553468,Antimicrobial,0,0,96
OG0000059,jgi|Truan1|635580,89.12401877133107,0.9391494040366984,Antimicrobial,1,0,97
OG0000281,jgi|Verdah1|426502,77.27649193548386,0.9304235811472604,Antimicrobial,0,1,98
OG0000113,jgi|Lepor2|585588,82.08556636726547,0.3414459544330295,Non-antimicrobial,1,0,99
OG0000294,jgi|Spoth2|2300011,54.681700507614224,0.4462990501143958,Non-antimicrobial,0,0,100
OG0000035,jgi|Corca1|51675,76.16585599999999,0.9983409543631724,Antimicrobial,1,0,101
OG0000029,jgi|Corca1|206915,75.7852014995314,0.9999622077081328,Antimicrobial,1,0,102
OG0000080,jgi|Phisc1|770268,78.11656758272576,0.7518753918379371,Antimicrobial,0,0,103
OG0000085,jgi|Rhesp1|391023,82.93273391304348,0.453164581526178,Non-antimicrobial,0,0,104
OG0000075,jgi|Zalva1|470974,92.6481755050505,0.9804834279724778,Antimicrobial,1,0,105
OG0000128,jgi|Dacma1|872912,90.04954666666667,0.9937857518034324,Antimicrobial,0,0,106
OG0000240,jgi|Chame1|113122,73.21008403361344,0.9960651279791743,Antimicrobial,0,0,107
OG0000284,jgi|Rhesp1|421808,82.24082318353632,0.5403563523392333,Antimicrobial,0,1,108
OG0000063,jgi|DalEC12|1,45.04461309523809,0.0616485521913888,Non-antimicrobial,0,0,109
OG0000082,jgi|Armost1|303014,78.17447990181037,0.1215024800765216,Non-antimicrobial,1,0,110
OG0000031,jgi|Stael1|355318,85.41966748768472,0.6694375558144527,Antimicrobial,1,0,111
OG0000224,jgi|Fusso1|383950,58.13532463330457,0.0,Non-antimicrobial,0,1,112
OG0000112,jgi|Colch1|10095,80.50029715579456,0.991346718395578,Antimicrobial,1,0,113
OG0000177,jgi|Corca1|639680,86.52536526533426,0.8410130760285371,Antimicrobial,0,0,114
OG0000297,jgi|Colto1|6775,81.51846245530392,0.1184203485809915,Non-antimicrobial,0,1,115
OG0000125,jgi|Cylol1|77543,89.51259444444443,0.9960403533047508,Antimicrobial,0,0,116
OG0000122,jgi|Cocvi1|102572,71.90636101083032,0.9578452580604832,Antimicrobial,0,0,117
OG0000131,jgi|Colto1|11241,91.47613849765258,0.9615391970404829,Antimicrobial,0,0,118
OG0000047,jgi|Fusso1|450420,76.28482432942955,0.9456076715151558,Antimicrobial,0,0,119
OG0000027,jgi|Phimu1|122301,92.95248756218903,0.7890698882109729,Antimicrobial,1,0,120
OG0000028,jgi|Chagl1|155655,86.47254010278773,0.991866616690554,Antimicrobial,0,0,121
OG0000065,jgi|Thite2|124883,87.95565627563577,0.8195197370574906,Antimicrobial,1,0,122
OG0000307,jgi|DalEC12|1,62.219709187045616,0.319541372859159,Non-antimicrobial,0,0,123
OG0000067,jgi|Ascsa1|6440,89.7999957392416,0.9985745061484156,Antimicrobial,1,0,124
OG0000293,jgi|Fustr1|467948,71.36321013222877,0.0,Non-antimicrobial,1,0,125
OG0000070,jgi|Colhig2|6475,92.5844695481336,0.8896173426507648,Antimicrobial,1,0,126
OG0000078,jgi|Colch1|5074,86.2472808468409,0.8454942153886345,Antimicrobial,1,0,127
OG0000304,jgi|Micbo1|159535,49.30813278008299,0.2917664529958466,Non-antimicrobial,0,0,128
OG0000170,jgi|Colch1|914,82.69032094251473,0.9795498446685628,Antimicrobial,1,0,129
OG0000033,jgi|Neora1|768725,82.4554680438993,0.993120778015539,Antimicrobial,1,0,130
OG0000134,jgi|Boeex1|459484,56.03325936199722,0.106291189108583,Non-antimicrobial,0,0,131
OG0000089,jgi|Pyrsp1|589504,93.09108846487425,0.9112900628479054,Antimicrobial,1,0,132
OG0000036,jgi|Neora1|892215,84.05679255511384,0.9995771346324456,Antimicrobial,1,0,133
OG0000168,jgi|Pyrly1|445229,85.82990511455682,0.9992563864065894,Antimicrobial,1,0,134
OG0000021,jgi|Lepmu1|6835,53.54328877005348,0.0140266938625487,Non-antimicrobial,0,0,135
OG0000309,jgi|Neora1|637030,74.48683353971342,0.0009512540982441,Non-antimicrobial,1,0,136
OG0000306,jgi|Zalva1|321045,68.8714657980456,0.9340415211948818,Antimicrobial,0,1,137
OG0000118,jgi|Rhier1|626829,66.27185660377359,0.885760247116289,Antimicrobial,0,0,138
OG0000094,jgi|Melva1|593638,86.53587025316456,0.7105656142864143,Antimicrobial,0,0,139
OG0000198,jgi|TriviGv29|8,87.36862438220757,0.9731912262151304,Antimicrobial,0,0,140
OG0000234,jgi|Fuseq1|94673,47.518274320241694,0.0,Non-antimicrobial,0,1,141
OG0000086,jgi|Chalo1|370165,83.81090733590733,0.9855788142106638,Antimicrobial,1,0,142
OG0000155,jgi|Rhesp1|389747,64.74331082835627,0.9933360007483184,Antimicrobial,1,0,143
OG0000114,jgi|Rhier1|681314,83.63039532412327,0.8308187725342989,Antimicrobial,0,0,144
OG0000258,jgi|TriviGv29|8,73.8072029250457,0.9443713172971,Antimicrobial,0,0,145
OG0000133,jgi|Parch1|26542,78.27881610446137,0.8376069339382208,Antimicrobial,0,0,146
OG0000308,jgi|Lepor2|27108,84.721125,0.0002133829367979,Non-antimicrobial,0,0,147
OG0000298,jgi|Rhier1|648631,58.78219981238274,0.9921800966961593,Antimicrobial,0,0,148
OG0000066,jgi|Phimu1|608536,82.99599140069456,0.9760033577532824,Antimicrobial,1,0,149
OG0000045,jgi|Aspnov1|435302,93.66196990424076,0.99547241665487,Antimicrobial,1,0,150
OG0000096,jgi|Chalo1|489315,69.01126068376068,0.2627866089756612,Non-antimicrobial,1,0,151
OG0000183,jgi|Macpha1|322533,80.64246751542197,0.8267882286304951,Antimicrobial,1,0,152
OG0000282,jgi|Pyrsp1|233348,93.2634126394052,0.989551233753477,Antimicrobial,0,0,153
OG0000103,jgi|DalEC12_1|25833,74.54097855964817,0.0178372129768346,Non-antimicrobial,0,1,154
OG0000290,jgi|Verdah1|60322,58.80712125617912,0.988235184670321,Antimicrobial,0,0,155
OG0000090,jgi|Colch1|5951,89.57609182530796,0.8234890263398861,Antimicrobial,0,0,156
OG0000324,jgi|Rhesp1|91283,76.02794425087109,0.1788806976740188,Non-antimicrobial,0,0,157
OG0000156,jgi|Bauco1|37282,60.61391509433962,0.112867695713619,Non-antimicrobial,0,0,158
OG0000330,jgi|Chame1|364288,68.2429100678733,0.0218530702296294,Non-antimicrobial,0,1,159
OG0000117,jgi|Falor1|220052,83.10117258883248,0.5805469772778592,Antimicrobial,0,0,160
OG0000148,jgi|Colto1|5958,88.07057441919837,0.985232827763278,Antimicrobial,0,0,161
OG0000049,jgi|Neodi1|9582,84.94667135621833,0.9821284297160736,Antimicrobial,0,0,162
OG0000026,jgi|Cenge3|584571,87.30044943820225,0.999421314701759,Antimicrobial,1,1,163
OG0000342,jgi|Colch1|1750,82.30188910849891,0.0,Non-antimicrobial,0,1,164
OG0000321,jgi|Rhesp1|141295,73.77327407923782,0.9999999624973004,Antimicrobial,0,1,165
OG0000091,jgi|Phisc1|75555,81.14014690451206,0.9716535212659944,Antimicrobial,1,0,166
OG0000072,jgi|Pyrsp1|499274,87.27805989583334,0.8842464593440827,Antimicrobial,1,0,167
OG0000048,jgi|Dacma1|682742,91.65416982152514,0.0856579201006371,Non-antimicrobial,0,0,168
OG0000335,jgi|Chalo1|292025,85.2528415961306,0.6177195300491021,Antimicrobial,0,0,169
OG0000138,jgi|Perma1|587065,87.92095090118086,0.7467946344236647,Antimicrobial,1,0,170
OG0000233,jgi|Thite2|2112302,89.79353968253969,0.9086104538771844,Antimicrobial,1,0,171
OG0000105,jgi|Chalo1|552489,82.96799114331722,0.9562667208574176,Antimicrobial,1,0,172
OG0000315,jgi|Fusve2|2012,58.37916076487252,0.3437601082263373,Non-antimicrobial,0,1,173
OG0000056,jgi|Falor1|300278,86.84873007968127,0.8139837109544257,Antimicrobial,0,0,174
OG0000076,jgi|Mycgr3|80321,47.8581755829904,0.0045451139419106,Non-antimicrobial,0,0,175
OG0000042,jgi|Corca1|493451,89.38809275664408,0.9426216404131428,Antimicrobial,0,0,176
OG0000346,jgi|Zalva1|486237,80.70877758913413,0.0201973005598387,Non-antimicrobial,0,0,177
OG0000143,jgi|Aspnov1|464908,89.04625166740774,0.9848348784147896,Antimicrobial,1,0,178
OG0000106,jgi|Chalo1|542572,85.69464231814065,0.9916347416076282,Antimicrobial,1,0,179
OG0000348,jgi|Fusoxys1|153293,73.59881690140845,0.955624773491982,Antimicrobial,0,0,180
OG0000222,jgi|Phisc1|690520,65.80073298429319,0.0312334539217371,Non-antimicrobial,0,0,181
OG0000196,jgi|Phisc1|746086,82.43983072916667,0.2830744674271017,Non-antimicrobial,1,0,182
OG0000088,jgi|Stael1|348824,84.0927892813642,0.9847948279406394,Antimicrobial,0,0,183
OG0000038,jgi|PleosPC15_1|30172,83.36884646628756,0.8712131533481646,Antimicrobial,0,0,184
OG0000130,jgi|Truan1|589505,91.33527444565613,0.8735578474519146,Antimicrobial,0,0,185
OG0000161,jgi|Pyrly1|427849,88.47031249999999,0.9920255264891664,Antimicrobial,1,0,186
OG0000331,jgi|Fusfu1|1084,62.66981757877281,0.0079406606273693,Non-antimicrobial,0,0,187
OG0000199,jgi|DalEC12_1|316176,88.07198503740649,0.3084554648268696,Non-antimicrobial,0,0,188
OG0000175,jgi|Cenge3|562830,88.80481578947368,0.9128214344217908,Antimicrobial,0,0,189
OG0000164,jgi|Thite2|2114094,82.09980307396732,0.278483660248112,Non-antimicrobial,1,0,190
OG0000363,jgi|Colto1|9733,89.93097784568373,0.7199286525321937,Antimicrobial,1,1,191
OG0000270,jgi|Parchr1|277091,81.83739551786796,0.2025924234414358,Non-antimicrobial,0,1,192
OG0000160,jgi|Chagl1|629071,86.75597640891219,0.90301168840726,Antimicrobial,1,0,193
OG0000016,jgi|Fusso1|528715,87.56252891052951,0.7906721959093441,Antimicrobial,0,1,194
OG0000359,jgi|Daces1|217771,90.24515135135135,0.9506862212484664,Antimicrobial,0,1,195
OG0000041,jgi|Oidma1|19585,50.54113074204947,0.9885511039331548,Antimicrobial,0,0,196
OG0000110,jgi|Aspcam1|284129,87.26013460703432,0.9870580947631722,Antimicrobial,1,0,197
OG0000051,jgi|Morco1|524962,92.64106443914082,0.5207524072758455,Antimicrobial,1,0,198
OG0000129,jgi|Cadsp1|566886,85.8543075731164,0.9909587903162614,Antimicrobial,0,0,199
OG0000188,jgi|Thite2|2051582,81.19639429312582,0.553864223672178,Antimicrobial,0,0,200
OG0000364,jgi|Cadsp1|413996,88.46350907029479,0.276740807569178,Non-antimicrobial,0,1,201
OG0000362,jgi|Cadsp1|518620,76.48673972602741,0.5101736018943005,Antimicrobial,0,1,202
OG0000025,jgi|Colto1|5922,83.79894736842107,0.951717718069038,Antimicrobial,1,0,203
OG0000116,jgi|Pyrsp1|36273,85.30122965641954,0.6023533552482304,Antimicrobial,1,0,204
OG0000334,jgi|Fusox2|10875,69.06616198616199,0.7813303944105301,Antimicrobial,0,0,205
OG0000151,jgi|Lepor2|73866,85.73716069271043,0.308893082901527,Non-antimicrobial,0,0,206
OG0000354,jgi|Fusso1|171370,84.49584430131617,0.6406162580129415,Antimicrobial,1,0,207
OG0000353,jgi|Melbi2|612177,77.1792615704628,0.534773062946018,Antimicrobial,0,0,208
OG0000121,jgi|Phisc1|642764,81.59896653336139,0.8289878065951202,Antimicrobial,0,0,209
OG0000123,jgi|Melbi2|598377,82.8134004796163,0.1963687744523605,Non-antimicrobial,0,1,210
OG0000344,jgi|Fusco1|182178,88.26581129807694,0.0565943017599201,Non-antimicrobial,0,1,211
OG0000361,jgi|Rhier1|697623,81.49741459299874,0.5400350052593503,Antimicrobial,0,0,212
OG0000355,jgi|Altalt1|358007,82.98068950177935,0.9650072828584924,Antimicrobial,0,0,213
OG0000084,jgi|Armost1|1014816,90.54357517482518,0.8523730034731215,Antimicrobial,0,0,214
OG0000191,jgi|Ilyeu1|728927,88.64197733711048,0.8905267469228079,Antimicrobial,1,0,215
OG0000165,jgi|Pyrly1|408462,86.28002616659398,0.9837067843244152,Antimicrobial,1,0,216
OG0000145,jgi|Oidma1|194263,85.86928339722796,0.6718023303163383,Antimicrobial,0,1,217
OG0000147,jgi|Macpha1|735799,91.74269623059868,0.9968997900893928,Antimicrobial,1,0,218
OG0000104,jgi|Cylol1|463373,90.03660053619303,0.7710000636680288,Antimicrobial,1,0,219
OG0000111,jgi|Colch1|7688,79.32661383285304,0.774671833724206,Antimicrobial,1,0,220
OG0000157,jgi|Tulca1|26818,80.1535269121813,0.6957772839124586,Antimicrobial,1,0,221
OG0000296,jgi|Fusso1|378070,62.58540011855365,0.9177729699908138,Antimicrobial,0,0,222
OG0000062,jgi|Macph1|9882,77.0584371159361,0.190755014939766,Non-antimicrobial,1,0,223
OG0000201,jgi|Fustri1|598503,64.30492809204219,0.3086274413935572,Non-antimicrobial,0,0,224
OG0000350,jgi|Corca1|640916,92.6044041041831,0.3248104565400336,Non-antimicrobial,0,0,225
OG0000092,jgi|Denna1|34055,86.53519667590027,0.6565799041857272,Antimicrobial,1,1,226
OG0000176,jgi|DalEC12_1|312528,84.45654311649017,0.6770439415451381,Antimicrobial,1,0,227
OG0000055,jgi|Phisc1|665716,89.60657494145197,0.6016744202704238,Antimicrobial,1,0,228
OG0000373,jgi|Neodi1|2025,67.29728528269314,0.0537026078435082,Non-antimicrobial,0,1,229
OG0000372,jgi|Melbi2|662594,85.84490445859873,0.3380199262067574,Non-antimicrobial,0,0,230
OG0000060,jgi|DalEC12_1|376944,84.2689838445329,0.8491710938529957,Antimicrobial,0,0,231
OG0000378,jgi|Verdah1|374721,40.37259308072488,0.9999775171070556,Antimicrobial,0,0,232
OG0000356,jgi|Fusox2|23851,50.806514450867056,0.9902965626827752,Antimicrobial,0,1,233
OG0000300,jgi|Macpha1|714683,82.33176939426143,0.4311468842584121,Non-antimicrobial,0,0,234
OG0000382,jgi|Fusven1|471914,64.42397962432347,0.999977079441119,Antimicrobial,1,0,235
OG0000381,jgi|Fusso1|548561,79.94101128880527,0.8536800116068525,Antimicrobial,0,1,236
OG0000388,jgi|Phimu1|586894,75.95715353007098,0.3560360367110347,Non-antimicrobial,0,1,237
OG0000200,jgi|Falor1|480049,87.13777485764345,0.2650331775444074,Non-antimicrobial,0,0,238
OG0000087,jgi|Colhig2|13634,43.50068597560976,0.471458109316001,Non-antimicrobial,0,0,239
OG0000132,jgi|Lepor2|646483,81.35193985849055,0.9990729148742968,Antimicrobial,0,0,240
OG0000174,jgi|Tulca1|215466,88.65263101026471,0.017559003627093,Non-antimicrobial,1,1,241
OG0000236,jgi|Aspnov1|446097,91.25775584415584,0.9702915935931312,Antimicrobial,0,0,242
OG0000083,jgi|Colch1|81,79.04835994194485,0.5935404358374282,Antimicrobial,0,0,243
OG0000139,jgi|Clapu1|6548,88.91330920788099,0.979317672552204,Antimicrobial,1,0,244
OG0000149,jgi|Zalva1|576091,80.15621725383922,0.872508635281176,Antimicrobial,1,0,245
OG0000379,jgi|Fusso1|489855,52.85085637541476,0.9997938550312604,Antimicrobial,0,1,246
OG0000095,jgi|Pyrly1|210292,78.475554796859,0.571291978580301,Antimicrobial,1,0,247
OG0000278,jgi|Fusve2|12190,89.06192138133724,0.8841028442907183,Antimicrobial,0,0,248
OG0000401,jgi|Chame1|350353,66.00879224376732,0.0954125721332588,Non-antimicrobial,0,1,249
OG0000242,jgi|Galma1|243495,86.45800995024878,0.0870047066989545,Non-antimicrobial,0,0,250
OG0000115,jgi|Fusven1|514253,78.11828519855595,0.1600626981677765,Non-antimicrobial,0,0,251
OG0000137,jgi|Dacma1|889693,74.67143953934742,0.3063822401385006,Non-antimicrobial,0,0,252
OG0000226,jgi|Perma1|644337,79.87485039370078,0.9859831542850704,Antimicrobial,1,0,253
OG0000221,jgi|Corca1|65950,88.37041255605382,0.9807868005888188,Antimicrobial,0,0,254
OG0000186,jgi|Corca1|311983,72.32200361944157,0.9491563595211218,Antimicrobial,1,0,255
OG0000327,jgi|Morel_U14_1|149415,43.61221757322176,0.0895744309673795,Non-antimicrobial,0,0,256
OG0000322,jgi|Corca1|302812,83.90762782401903,0.1666545081996355,Non-antimicrobial,0,0,257
OG0000380,jgi|Pyrly1|369188,54.51050704225353,0.0034487498435834,Non-antimicrobial,0,0,258
OG0000068,jgi|Neodi1|1646,91.37780779621768,0.9027804090304596,Antimicrobial,1,0,259
OG0000387,jgi|Dacma1|624776,75.46914093206063,0.9670232231083152,Antimicrobial,0,0,260
OG0000402,jgi|Pyrsp1|504777,86.37948076923077,0.626211619912224,Antimicrobial,0,0,261
OG0000197,jgi|Sodal1|334433,90.84948059360732,0.0964821953167729,Non-antimicrobial,0,0,262
OG0000140,jgi|Zalva1|586250,87.40710321864596,0.8674021538029142,Antimicrobial,0,0,263
OG0000071,jgi|Pensub1|9529,29.224685802948017,0.1669633661737711,Non-antimicrobial,0,0,264
OG0000383,jgi|Neora1|45958,62.496,0.993652907466643,Antimicrobial,0,0,265
OG0000238,jgi|Daces1|257636,82.83685690128937,0.754514292957033,Antimicrobial,0,0,266
OG0000154,jgi|Cenge3|242184,81.47127150336574,0.9992690536091092,Antimicrobial,1,0,267
OG0000107,jgi|Macph1|11770,87.7992397521449,0.4766772382339967,Non-antimicrobial,0,1,268
OG0000413,jgi|Colch1|1273,86.41163194444445,0.4566841002285962,Non-antimicrobial,0,0,269
OG0000399,jgi|Colto1|9507,87.28519182389938,0.9451063650844151,Antimicrobial,0,0,270
OG0000173,jgi|Chagl_1|17509,80.02108737864077,0.3251178106727358,Non-antimicrobial,0,0,271
OG0000411,jgi|Fusven1|481051,73.68934439389885,0.9458550833196434,Antimicrobial,0,0,272
OG0000408,jgi|Dipse1|6518,80.09555471698113,0.0431754638058886,Non-antimicrobial,0,1,273
OG0000182,jgi|Parch1|414260,82.52645047429958,0.5802282393620456,Antimicrobial,1,0,274
OG0000319,jgi|Galma1|214686,87.08279054916986,0.2972372932623361,Non-antimicrobial,0,0,275
OG0000255,jgi|PleosPC15_1|164907,90.06406798866853,0.9847985754468483,Antimicrobial,1,0,276
OG0000124,jgi|Aspnov1|445842,88.47257336956523,0.5099604601997016,Antimicrobial,1,0,277
OG0000418,jgi|Rhesp1|556907,57.575693186049406,0.0,Non-antimicrobial,1,0,278
OG0000416,jgi|Neora1|300972,58.30443542435424,0.951033701656452,Antimicrobial,0,0,279
OG0000227,jgi|Colch1|1985,92.97792899408284,0.8431905886094239,Antimicrobial,1,0,280
OG0000407,jgi|Neodi1|6998,78.35880277617119,0.8775440092363966,Antimicrobial,1,0,281
OG0000209,jgi|Plecucu2|158279,85.6189323583181,0.6142422098111832,Antimicrobial,0,0,282
OG0000162,jgi|Aspnov1|430510,88.07015924506047,0.8942993633328312,Antimicrobial,0,0,283
OG0000343,jgi|Fusco1|657102,65.21631793478261,0.2438551645005921,Non-antimicrobial,0,1,284
OG0000410,jgi|Fusfu1|4270,56.91204836936606,0.0150913415128257,Non-antimicrobial,0,1,285
OG0000441,jgi|Rhier1|618799,49.73722250125565,0.9999952808898644,Antimicrobial,0,1,286
OG0000337,jgi|Zalva1|603549,79.28851990767456,0.9921290754584156,Antimicrobial,1,0,287
OG0000211,jgi|Verdah1|442020,47.26525939732837,0.0675602557490851,Non-antimicrobial,0,1,288
OG0000432,jgi|Fusoxys1|854512,79.04241176470589,0.9510074753307636,Antimicrobial,0,0,289
OG0000427,jgi|Cadsp1|460136,74.23319630872483,0.938941583340584,Antimicrobial,0,0,290
OG0000289,jgi|Fusso1|496782,65.3544531897266,0.9666604214349948,Antimicrobial,1,0,291
OG0000243,jgi|Ilyeu1|637013,88.30085910652922,0.0720039122938606,Non-antimicrobial,1,0,292
OG0000445,jgi|Fusoxys1|779856,79.04756453082295,0.0858430957089324,Non-antimicrobial,0,1,293
OG0000223,jgi|Boeex1|310971,73.39176737756715,0.9015049496079472,Antimicrobial,0,0,294
OG0000169,jgi|Colto1|10952,70.65951595744681,0.0313640917459718,Non-antimicrobial,0,1,295
OG0000119,jgi|Neora1|563153,86.74566445182724,0.0376936309761889,Non-antimicrobial,0,0,296
OG0000241,jgi|Fusgr1|1769,84.56349893541518,0.4102356567063818,Non-antimicrobial,0,0,297
OG0000099,jgi|Fustri1|596577,91.3027299412916,0.99932823299836,Antimicrobial,1,0,298
OG0000339,jgi|Fusso1|595595,82.41965864577504,0.956164895335615,Antimicrobial,1,0,299
OG0000189,jgi|Altal1|1018865,53.09493055555556,0.0031426119890011,Non-antimicrobial,0,0,300
OG0000283,jgi|Lepor2|422408,55.11101923076924,0.4126888316928402,Non-antimicrobial,0,0,301
OG0000437,jgi|Chalo1|563581,79.71701116163705,0.763351864409303,Antimicrobial,1,0,302
OG0000371,jgi|Cadsp1|589606,79.05497105304335,0.0,Non-antimicrobial,1,0,303
OG0000450,jgi|Fusso1|458530,70.79231315959508,0.9992854726769234,Antimicrobial,1,0,304
OG0000166,jgi|DalEC12_1|71555,80.89672330097088,0.6583754817027972,Antimicrobial,0,0,305
OG0000312,jgi|Pyrsp1|2351,69.346586270872,0.9986958998099812,Antimicrobial,0,0,306
OG0000440,CZT14069,75.82971830985915,0.2187853085822315,Non-antimicrobial,1,0,307
OG0000311,jgi|Pensub1|1425,38.91312859884837,0.0101090841041065,Non-antimicrobial,0,0,308
OG0000325,jgi|Cylol1|462929,77.09730017761989,0.9939658311266714,Antimicrobial,0,0,309
OG0000358,jgi|Phisc1|689620,77.73638036809817,0.2835248138591911,Non-antimicrobial,0,1,310
OG0000194,jgi|Mictri1|369331,84.63215587044535,0.2859814897080423,Non-antimicrobial,0,0,311
OG0000207,jgi|Melva1|583205,58.14381118881119,0.105966472594408,Non-antimicrobial,0,0,312
OG0000246,jgi|Boeex1|310377,83.42546973803071,0.1915397759642447,Non-antimicrobial,0,0,313
OG0000097,jgi|Phimu1|713585,70.87844696969697,0.0534221421857346,Non-antimicrobial,0,0,314
OG0000295,jgi|Armost1|94104,80.72684567169235,0.9998151390845,Antimicrobial,1,0,315
OG0000438,jgi|Neodi1|5094,71.21993247694334,0.9997869944044474,Antimicrobial,0,0,316
OG0000109,jgi|Sclci1|962568,88.76215323645972,0.9932295444226072,Antimicrobial,0,0,317
OG0000273,jgi|DalEC12_1|52003,75.64166498993964,0.9916799294612978,Antimicrobial,0,0,318
OG0000456,jgi|Phisc1|583728,75.03833109739736,0.9977960797153316,Antimicrobial,0,0,319
OG0000352,jgi|Neora1|604891,84.31678412462908,0.0471720986242375,Non-antimicrobial,0,0,320
OG0000323,jgi|Fustr1|236043,80.5635394932936,0.0089420423339936,Non-antimicrobial,0,1,321
OG0000395,jgi|Altalt1|481275,82.69919280930561,0.5622676018782866,Antimicrobial,1,0,322
OG0000301,jgi|Neodi1|5317,85.96610357583229,0.9933486891600436,Antimicrobial,1,0,323
OG0000464,jgi|Parchr1|452410,36.83326141078838,0.6899067067618984,Antimicrobial,0,0,324
OG0000216,jgi|Colhig2|5023,72.19386278964107,0.0,Non-antimicrobial,0,0,325
OG0000317,jgi|Cylol1|572424,81.97202968588195,0.743644015647167,Antimicrobial,0,0,326
OG0000127,jgi|Cenge3|651431,69.63296380090497,0.0415557695922648,Non-antimicrobial,0,0,327
OG0000305,jgi|Veral1|3933,78.2143254352031,0.9968469654716254,Antimicrobial,0,0,328
OG0000484,jgi|Fustri1|559895,56.18562391178177,0.0562749423893519,Non-antimicrobial,0,0,329
OG0000415,jgi|Cenge3|214021,84.61354178842781,0.7049644992776365,Antimicrobial,0,1,330
OG0000467,jgi|Fusox2|24649,69.1085,0.2982521520688902,Non-antimicrobial,0,0,331
OG0000203,jgi|Phisc1|13540,75.74851133651552,0.9978116137935976,Antimicrobial,0,0,332
OG0000265,jgi|Macph1|9080,91.13820890290924,0.5227506577143717,Antimicrobial,1,0,333
OG0000471,jgi|Dacma1|14216,45.77628730822873,0.0,Non-antimicrobial,0,1,334
OG0000217,jgi|Cocsa1|305292,46.62475524475524,0.3729634000533321,Non-antimicrobial,0,0,335
OG0000376,jgi|Fusre1|538426,49.63615694164989,0.7833361466523288,Antimicrobial,0,0,336
OG0000495,jgi|Cenge3|544718,83.76477379095164,0.9562744913673206,Antimicrobial,0,0,337
OG0000370,jgi|Fusven1|476723,84.5119338092148,0.0005779434858715,Non-antimicrobial,0,0,338
OG0000458,jgi|Cylol1|575563,87.38428272689252,0.9947178984169964,Antimicrobial,0,0,339
OG0000426,jgi|Fusgr1|2038,76.09407731958764,0.000853265821551,Non-antimicrobial,0,1,340
OG0000163,jgi|Pyrsp1|622952,78.26118829268292,0.9752977911739072,Antimicrobial,1,0,341
OG0000431,jgi|Cenge3|635643,85.17356447688564,0.9911572386862224,Antimicrobial,0,0,342
OG0000268,jgi|Fusso1|465279,81.02531310211945,0.9998359897515688,Antimicrobial,1,0,343
OG0000336,jgi|Fusco1|569581,82.68526395173454,0.7478483553048227,Antimicrobial,0,0,344
OG0000493,jgi|Fuseq1|67865,40.54204855023601,0.0,Non-antimicrobial,0,1,345
OG0000423,jgi|Bauco1|80486,74.73840772818122,0.9720999359238264,Antimicrobial,0,0,346
OG0000479,jgi|Rhesp1|487445,84.80410400390625,0.9584335508658108,Antimicrobial,1,0,347
OG0000443,jgi|Fusso1|465207,64.94300589390963,0.810933598153508,Antimicrobial,0,0,348
OG0000393,jgi|Neodi1|5659,64.9181016882607,0.9999967521063996,Antimicrobial,1,0,349
OG0000292,jgi|Altal1|1061986,90.56768219383922,0.9821112786295372,Antimicrobial,1,0,350
OG0000228,jgi|Pyrly1|400422,86.47970588235295,0.9999691190587866,Antimicrobial,0,0,351
OG0000326,jgi|Cadsp1|649769,85.84643872113678,0.952417549794592,Antimicrobial,1,0,352
OG0000280,jgi|Melva1|555462,87.51461538461538,0.7300328166964001,Antimicrobial,0,0,353
OG0000489,jgi|Daces1|436317,66.25748225856218,0.9077094461357826,Antimicrobial,0,0,354
OG0000069,jgi|Clapu1|7342,74.84277392510403,0.1061215299407816,Non-antimicrobial,0,0,355
OG0000098,jgi|Cocvi1|113269,80.66064315352698,0.9857530209033428,Antimicrobial,0,0,356
OG0000397,jgi|Verda1|8001,83.73820624790058,0.9315954639731988,Antimicrobial,1,0,357
OG0000146,jgi|Phimu1|640311,81.70096663548487,0.5470718259471183,Antimicrobial,0,0,358
OG0000167,jgi|Fuseq1|75917,75.10783970276007,0.4024383966484814,Non-antimicrobial,0,1,359
OG0000249,jgi|Cadsp1|471298,75.52433788504287,0.9747550805498656,Antimicrobial,0,0,360
OG0000193,jgi|Tulca1|32755,87.58087301587301,0.9577859859515157,Antimicrobial,0,0,361
OG0000498,jgi|Fusco1|612907,57.560041602465326,0.9999999993273518,Antimicrobial,1,0,362
OG0000505,jgi|Ilyeu1|695145,41.76639567936327,0.5801310238042391,Antimicrobial,0,0,363
OG0000108,jgi|Gaegr1|12032,67.53171800947868,0.525261308754105,Antimicrobial,0,0,364
OG0000288,jgi|Oidma1|54342,80.20851731952088,0.999986318889344,Antimicrobial,1,0,365
OG0000171,jgi|Fusfu1|10410,63.35225375626043,0.8943677063315743,Antimicrobial,0,1,366
OG0000340,jgi|Cadsp1|460429,85.43666431842199,0.9979840664176114,Antimicrobial,1,0,367
OG0000261,jgi|Galma1|90813,55.75911864406779,0.0020810900274244,Non-antimicrobial,0,0,368
OG0000444,jgi|DalEC12_1|321405,70.3049427381572,0.9999449633247152,Antimicrobial,0,1,369
OG0000263,jgi|Veral1|5925,66.81172274562584,0.9963205763842858,Antimicrobial,0,0,370
OG0000341,jgi|Lepor2|472423,80.75609576427256,0.1719063047755157,Non-antimicrobial,0,0,371
OG0000310,jgi|Colch1|6457,65.46436619718308,0.975602134703433,Antimicrobial,0,0,372
OG0000351,jgi|Altal1|1024567,61.48959479015919,0.4494614569937716,Non-antimicrobial,0,0,373
OG0000254,jgi|Phisc1|580548,84.95532740879327,0.9971188906773708,Antimicrobial,0,0,374
OG0000508,jgi|Thite2|2141973,67.75462094907408,0.4235884452291271,Non-antimicrobial,0,1,375
OG0000394,jgi|Altal1|1063292,79.08792379993285,0.9977632272874256,Antimicrobial,1,0,376
OG0000472,jgi|Fusoxys1|706995,73.20722826086957,0.0736394590108075,Non-antimicrobial,0,0,377
OG0000274,jgi|Paxin1|78934,86.85104790419162,0.4993239342578883,Antimicrobial,0,0,378
OG0000384,jgi|Ilyeu1|617014,44.47780410742496,5.923948891286632e-05,Non-antimicrobial,0,0,379
OG0000313,jgi|Cocvi1|84586,89.81465796019903,0.9481951095589616,Antimicrobial,1,0,380
OG0000451,jgi|Neora1|721563,58.23162081613939,0.9840621240493864,Antimicrobial,0,1,381
OG0000488,jgi|Neodi1|3232,72.93290950373013,0.8745676507878707,Antimicrobial,1,0,382
OG0000492,jgi|Cenge3|569793,77.94527360585084,0.9999342350884384,Antimicrobial,1,0,383
OG0000518,jgi|Neora1|695349,70.92276096565794,0.9999217170710862,Antimicrobial,0,0,384
OG0000466,jgi|Pyrtt1|6601,76.89962385321101,0.7384617340038139,Antimicrobial,0,0,385
OG0000424,jgi|Thite2|2106106,68.02904564315352,0.8401247625452093,Antimicrobial,0,0,386
OG0000187,jgi|Sorhu1|231133,58.21549738219896,0.1162202381746642,Non-antimicrobial,0,0,387
OG0000392,jgi|Veral1|5095,88.63083015267176,0.1889846249986277,Non-antimicrobial,1,0,388
OG0000528,jgi|Neora1|639099,71.1300142490738,0.9569981947276088,Antimicrobial,1,0,389
OG0000347,jgi|Cenge3|644500,69.91497375328083,0.4731076034049652,Non-antimicrobial,0,0,390
OG0000522,jgi|Fusoxy1|324688,58.1158595781566,0.995734274644474,Antimicrobial,1,0,391
OG0000530,jgi|Colto1|2398,40.27930811808118,0.8458667790463154,Antimicrobial,0,0,392
OG0000212,jgi|Cadsp1|514707,51.52938421509106,0.1822916781088943,Non-antimicrobial,0,0,393
OG0000499,jgi|Macpha1|653593,74.64464849624059,0.9840877913060246,Antimicrobial,1,0,394
OG0000272,jgi|Clapu1|1124,49.68003968253968,0.8338482762014863,Antimicrobial,0,0,395
OG0000366,jgi|Mycfi2|181823,44.29328467153285,0.0028577326982157,Non-antimicrobial,0,0,396
OG0000345,jgi|Oidma1|21986,71.04540032154341,0.9994734942235268,Antimicrobial,0,0,397
OG0000159,VDAG_JR2_Chr2g00240a-00001,86.8091898527005,0.4822086978169589,Non-antimicrobial,1,0,398
OG0000429,jgi|Cocsa1|37064,83.32033410672854,0.3667098415242897,Non-antimicrobial,0,0,399
OG0000390,jgi|Verdah1|414702,71.65260347129507,0.8391559260577905,Antimicrobial,0,0,400
OG0000476,jgi|Altal1|9314,78.53048510313216,0.9794818649610652,Antimicrobial,0,0,401
OG0000414,jgi|Corca1|489765,82.5066528458349,0.9636426723235184,Antimicrobial,0,0,402
OG0000477,jgi|Fusso1|593952,79.15701810436634,0.4389339944504398,Non-antimicrobial,0,0,403
OG0000454,jgi|Dacma1|786294,64.98226628895183,0.2110041250855351,Non-antimicrobial,0,1,404
OG0000457,jgi|Denna1|119513,82.9104355954384,0.9853954870843896,Antimicrobial,0,0,405
OG0000172,jgi|Cadsp1|498038,88.30769804287046,0.9911247335851237,Antimicrobial,0,0,406
OG0000389,jgi|Fuscu1|5979,85.39487305487306,0.4393109490262915,Non-antimicrobial,0,0,407
OG0000516,jgi|Phimu1|741292,81.73436507936509,0.7221817327872762,Antimicrobial,0,0,408
OG0000459,jgi|Colhig2|1643,84.56426099495314,0.1022235937654472,Non-antimicrobial,0,1,409
OG0000460,jgi|DalEC12_1|51401,84.38554364471669,0.7375438108411762,Antimicrobial,0,0,410
OG0000365,jgi|Oidma1|205609,90.850922829582,0.8935823464760847,Antimicrobial,0,0,411
OG0000490,jgi|Fusso1|430004,80.55959589041096,0.8708533864347674,Antimicrobial,0,0,412
OG0000544,jgi|Fusso1|385234,65.09711527208894,0.1870034468628194,Non-antimicrobial,0,0,413
OG0000314,jgi|Dipse1|8503,82.22548172757477,0.7394538349550424,Antimicrobial,0,0,414
OG0000449,jgi|Verda1|4825,84.0836352148273,0.7347454913218057,Antimicrobial,1,0,415
OG0000276,jgi|Daces1|567352,86.47888227513229,0.9607071645714432,Antimicrobial,0,0,416
OG0000404,jgi|Fusco1|362123,78.33059038662486,0.0073632838802234,Non-antimicrobial,0,1,417
OG0000430,jgi|Daces1|541636,87.83739203589457,0.1598084460895856,Non-antimicrobial,0,0,418
OG0000386,jgi|Colch1|6252,80.86980852211435,0.8675289327516145,Antimicrobial,0,0,419
OG0000398,jgi|Altalt1|317332,70.02086544161233,0.870253777147223,Antimicrobial,0,0,420
OG0000206,jgi|Ascsa1|8425,85.58270279844137,0.9888270021119432,Antimicrobial,0,0,421
OG0000253,jgi|Thite2|2123826,48.50387234042553,0.0584251355259058,Non-antimicrobial,0,0,422
OG0000546,jgi|Dacma1|799456,53.18598892803221,0.7922245566896159,Antimicrobial,0,0,423
OG0000419,jgi|Plecuc1|300146,66.46252158894646,0.981528147228675,Antimicrobial,0,0,424
OG0000375,jgi|Veral1|1748,92.8628476821192,0.957308411283263,Antimicrobial,0,0,425
OG0000496,jgi|Colch1|1220,54.34249574829932,0.9994655343729576,Antimicrobial,0,0,426
OG0000328,jgi|Corca1|500649,82.54540829414279,0.0037030284743928,Non-antimicrobial,1,0,427
OG0000150,jgi|Galma1|258667,48.953468634686345,0.0027419933932098,Non-antimicrobial,0,0,428
OG0000446,jgi|Chalo1|328067,84.68194764397906,0.2032284155565053,Non-antimicrobial,0,0,429
OG0000400,jgi|Fustr1|461650,82.32170384615384,0.9139846536981084,Antimicrobial,0,0,430
OG0000509,jgi|Altro1|463565,51.67884146341464,0.7755466464903857,Antimicrobial,0,0,431
OG0000538,jgi|Fusven1|525798,58.66749859786877,0.799217851405279,Antimicrobial,1,0,432
OG0000442,jgi|Lepor2|595646,79.42137468139337,0.9978448101628472,Antimicrobial,1,0,433
OG0000540,jgi|Fusoxy1|31129,45.37335339854527,0.0,Non-antimicrobial,0,0,434
OG0000453,jgi|Dacma1|269351,79.7663728191001,0.8307594986834071,Antimicrobial,0,0,435
OG0000506,jgi|Cenge3|653041,81.42838681886711,0.8183771288561307,Antimicrobial,1,0,436
OG0000357,jgi|Cocvi1|110563,70.01301745635911,0.8726478580391074,Antimicrobial,0,0,437
OG0000448,jgi|Chagl1|88136,34.08157076205288,0.4229421595699844,Non-antimicrobial,0,0,438
OG0000543,jgi|Phimu1|701891,83.68050043898155,0.7496591542982531,Antimicrobial,0,0,439
OG0000420,jgi|Neodi1|3785,85.6201079525009,0.6356695121870484,Antimicrobial,1,0,440
OG0000447,jgi|Daces1|271668,,,,1,1,441
OG0000320,jgi|Fusve2|12174,86.0547697368421,0.7088365770935731,Antimicrobial,0,0,442
OG0000204,jgi|Fusco1|611022,62.76931105047749,0.9233100649016072,Antimicrobial,0,0,443
OG0000478,jgi|Phimu1|236854,75.20324266284895,0.9196389144506542,Antimicrobial,0,0,444
OG0000578,jgi|Altro1|407430,84.62991421111525,0.7864171953137938,Antimicrobial,0,0,445
OG0000333,jgi|Amamu1|9212,65.85451142440448,0.8015415509583209,Antimicrobial,1,0,446
OG0000465,jgi|Altalt1|454057,80.84722779635824,0.906000165924444,Antimicrobial,1,0,447
OG0000551,jgi|Pilcr1|815561,80.1961049445005,0.9092214716277256,Antimicrobial,1,0,448
OG0000302,jgi|Lepor2|580372,85.72466692189893,0.3625802281361696,Non-antimicrobial,0,0,449
OG0000556,jgi|Colhig2|436,55.13038548752834,0.1176719241641413,Non-antimicrobial,0,0,450
OG0000463,jgi|Lepor2|241630,78.53622140050842,0.9091588643565742,Antimicrobial,0,0,451
OG0000244,jgi|Fusox2|19719,84.73202255639099,0.8820373854473487,Antimicrobial,1,0,452
OG0000267,PTRG_10868,29.09670028818444,0.9998941372099452,Antimicrobial,0,0,453
OG0000269,jgi|Altal1|999782,35.138500407497965,0.0520478199627035,Non-antimicrobial,0,0,454
OG0000218,jgi|Perma1|620919,51.09979032258065,0.0278211846828416,Non-antimicrobial,0,1,455
OG0000316,jgi|Fustr1|517549,85.5889470517449,0.2681155691855819,Non-antimicrobial,0,0,456
OG0000421,jgi|Colhig2|12012,34.801628318584065,0.2289004522208971,Non-antimicrobial,0,0,457
OG0000549,jgi|Ilyeu1|487720,87.48485418016851,0.967343171508508,Antimicrobial,1,0,458
OG0000486,jgi|Fusoxys1|395938,26.91135350318472,0.9419929524473728,Antimicrobial,0,0,459
OG0000553,jgi|Altalt1|9115,67.0369907063197,0.0174460321898023,Non-antimicrobial,0,1,460
OG0000587,jgi|Fusco1|340078,66.30846235795455,0.7565982489867557,Antimicrobial,0,1,461
OG0000575,jgi|Chame1|415111,63.87069498069498,0.0028126811960703,Non-antimicrobial,0,0,462
OG0000548,jgi|Fustr1|170726,62.675676826153584,0.940016184829646,Antimicrobial,1,0,463
OG0000592,jgi|Fusfu1|2364,83.10041380556558,0.9998225900743916,Antimicrobial,0,0,464
OG0000561,jgi|Colto1|11978,76.429816292727,0.7510192681276741,Antimicrobial,1,0,465
OG0000434,jgi|Phisc1|654157,59.57833732630571,0.0012162115494734,Non-antimicrobial,0,0,466
OG0000605,jgi|Fusre1|683407,75.27635135135135,0.1594705122951396,Non-antimicrobial,0,0,467
OG0000482,jgi|Neora1|808511,50.31699106256207,0.5555227011923165,Antimicrobial,0,0,468
OG0000396,jgi|Truan1|654353,57.96363636363636,0.005306145022992,Non-antimicrobial,0,0,469
OG0000338,jgi|Fusoxys1|815839,84.85505543237251,0.7140997200720111,Antimicrobial,0,0,470
OG0000040,jgi|Galma1|30284,71.7696649916248,0.9164697123067302,Antimicrobial,0,0,471
OG0000524,jgi|Altal1|988538,77.3405461731944,0.977704221850119,Antimicrobial,1,0,472
OG0000497,jgi|Pensub1|5126,30.357037470726,0.0003415454745192,Non-antimicrobial,0,0,473
OG0000599,jgi|Chame1|413143,86.57684709821429,0.7579465671317382,Antimicrobial,1,0,474
OG0000559,jgi|Melbi2|394444,76.6017745302714,0.9396875789709904,Antimicrobial,0,0,475
OG0000368,jgi|Altal1|1025475,72.32572072072072,0.8911136370431396,Antimicrobial,0,0,476
OG0000539,jgi|Colto1|11547,88.17533634311512,0.243748269166431,Non-antimicrobial,0,0,477
OG0000582,jgi|Fusox2|26242,72.12878276062901,0.9954509176729796,Antimicrobial,0,0,478
OG0000593,jgi|Fusox2|19723,86.65675972675973,0.0099660751095808,Non-antimicrobial,0,0,479
OG0000585,jgi|Dipse1|3184,79.304976,0.9517120962127578,Antimicrobial,1,0,480
OG0000526,jgi|Perma1|527544,74.65650758001122,0.6529473440000134,Antimicrobial,0,0,481
OG0000360,jgi|Daces1|600657,80.63734067207416,0.953169760515601,Antimicrobial,0,0,482
OG0000409,jgi|Aspcam1|285290,63.54581056466301,0.5715462546948987,Antimicrobial,0,0,483
OG0000590,jgi|Rhesp1|524711,65.82407662082515,0.9929468464109256,Antimicrobial,0,1,484
OG0000570,jgi|Denna1|604867,78.42820182627018,0.9545440824189432,Antimicrobial,1,0,485
OG0000616,jgi|Fusfu1|2211,74.52043465577596,0.0023967602256171,Non-antimicrobial,0,0,486
OG0000533,jgi|Dacma1|778631,87.52150416462517,0.1585744723282463,Non-antimicrobial,0,0,487
OG0000600,jgi|Corca1|623779,88.4574204355109,0.167717002904699,Non-antimicrobial,0,0,488
OG0000332,jgi|Dacma1|951783,82.36221896383186,0.5854165940349737,Antimicrobial,1,0,489
OG0000425,jgi|Fusco1|588227,68.50470814132105,0.0039566817447244,Non-antimicrobial,0,0,490
OG0000604,jgi|Phimu1|656742,71.78836225596528,0.9960346836975568,Antimicrobial,0,0,491
OG0000475,jgi|Fustr1|545676,78.00549815498155,0.928127826329612,Antimicrobial,0,1,492
OG0000271,jgi|Fusox2|5617,32.345156794425094,0.0026421526314062,Non-antimicrobial,0,0,493
OG0000504,jgi|Chalo1|382206,76.50965356169715,0.6994877923370595,Antimicrobial,0,0,494
OG0000623,jgi|Daces1|535707,63.0060249150623,0.8510179229372794,Antimicrobial,0,0,495
OG0000586,jgi|Lepor2|57835,75.38631237848348,0.9732399861187832,Antimicrobial,1,0,496
OG0000588,jgi|Phimu1|599782,77.41044303797469,0.9339408983011368,Antimicrobial,0,0,497
OG0000433,jgi|Botci1|10612,81.16871028477289,0.9877109036009868,Antimicrobial,0,0,498
OG0000470,TKY85877,72.57392684610076,0.9969812684125698,Antimicrobial,0,0,499
OG0000377,jgi|Fustri1|533981,78.92163912218912,0.9443470872499232,Antimicrobial,0,0,500
OG0000631,jgi|Colch1|10283,58.0620521945433,0.9872772021609774,Antimicrobial,0,0,501
OG0000329,jgi|Fusox2|16369,42.54390547263682,0.0666677179135764,Non-antimicrobial,0,0,502
OG0000525,jgi|Macph1|207,69.2800726942299,0.479472363401754,Non-antimicrobial,0,0,503
OG0000439,jgi|Perma1|527844,80.62196658097686,0.9740046274401806,Antimicrobial,0,0,504
OG0000545,jgi|Pyrly1|425279,74.16091583584513,0.9063039528497864,Antimicrobial,1,0,505
OG0000614,jgi|Oidma1|167064,66.97203155183516,0.9895205880017294,Antimicrobial,0,0,506
OG0000646,jgi|Melbi2|536891,47.92915637860082,0.1081252479441764,Non-antimicrobial,0,1,507
OG0000633,jgi|Colto1|8156,86.18356234096692,0.0119442949933401,Non-antimicrobial,1,0,508
OG0000519,TKY90098,39.269836289222376,0.304376425151768,Non-antimicrobial,0,0,509
OG0000552,jgi|Pyrly1|426659,79.14658278524449,0.1884466874245561,Non-antimicrobial,0,0,510
OG0000596,jgi|Fusso1|473567,72.29036221243271,0.7182705478836526,Antimicrobial,0,1,511
OG0000644,jgi|Fusox2|6888,52.01368882019578,0.143601498204919,Non-antimicrobial,0,1,512
OG0000634,jgi|Fusco1|520506,74.85669651741293,0.4058135279282961,Non-antimicrobial,1,1,513
OG0000513,jgi|Galma1|153171,85.58576600441502,0.8880353876401405,Antimicrobial,1,0,514
OG0000286,jgi|PleosPC15_1|156208,88.87064139941691,0.7151347613123765,Antimicrobial,0,0,515
OG0000491,jgi|Phisc1|368255,33.06032558139535,0.4744637979120069,Non-antimicrobial,0,0,516
OG0000537,jgi|Fusven1|530969,83.60755247242975,0.5119844495148688,Antimicrobial,0,0,517
OG0000469,jgi|Altal1|612223,81.37709031198686,0.2193444702236286,Non-antimicrobial,0,0,518
OG0000299,MGG_08373T0,74.26913223140495,0.9714154472577152,Antimicrobial,0,0,519
OG0000406,jgi|TriviGv29_8_2|156047,90.00639539204757,0.8068558970557671,Antimicrobial,1,0,520
OG0000436,jgi|Pyrly1|447644,67.48602760164118,0.0168682489249218,Non-antimicrobial,0,1,521
OG0000515,jgi|Fusoxys1|829224,57.53995652173914,0.12126882638874,Non-antimicrobial,0,0,522
OG0000632,jgi|Altro1|20227,63.5908442056792,0.5566171361119744,Antimicrobial,0,0,523
OG0000527,jgi|Hebcy2|16583,81.2396872828353,0.6559824892037966,Antimicrobial,1,0,524
OG0000664,jgi|Cylol1|554834,55.36076655052264,0.0676908123809393,Non-antimicrobial,0,0,525
OG0000569,jgi|Colto1|10479,88.28397149245389,0.4472042245651134,Non-antimicrobial,1,0,526
OG0000612,jgi|Fusso1|597486,84.56266282676118,0.0383178542805038,Non-antimicrobial,1,0,527
OG0000621,jgi|Fusco1|635339,83.89160694896852,0.9663688219150676,Antimicrobial,0,0,528
OG0000547,jgi|Fusre1|566934,86.96734609841467,0.4200894534042902,Non-antimicrobial,0,0,529
OG0000656,jgi|Fusoxy1|676223,87.40079416531604,0.8091347381407188,Antimicrobial,1,0,530
OG0000603,jgi|Fusco1|592897,93.03200457815564,0.9431002781728944,Antimicrobial,0,0,531
OG0000589,jgi|Fustr1|391678,81.9543469656992,0.9916421002579798,Antimicrobial,0,0,532
OG0000473,jgi|Colto1|8066,70.1807908992416,0.9594904875000748,Antimicrobial,0,0,533
OG0000369,jgi|Lacbi2|250557,83.18025044722718,0.9989228952638824,Antimicrobial,0,0,534
OG0000391,jgi|Fusso1|495543,82.41587314662273,0.7742305300293025,Antimicrobial,0,0,535
OG0000669,jgi|Fusoxys1|344784,69.21547440273038,0.09319212502402,Non-antimicrobial,0,0,536
OG0000654,jgi|Fuscu1|7491,84.7447943402435,0.0024600877437672,Non-antimicrobial,0,1,537
OG0000554,jgi|Asptaic1|190906,64.88968181818181,0.0933296219098749,Non-antimicrobial,0,0,538
OG0000417,jgi|Fusco1|704010,64.97101847679134,0.9923587298935808,Antimicrobial,0,1,539
OG0000665,jgi|Fusox2|23706,72.28191720569211,0.8977198847723276,Antimicrobial,0,0,540
OG0000574,jgi|Lepor2|560736,72.0361887477314,0.7379254820222179,Antimicrobial,0,0,541
OG0000613,jgi|Colhig2|4633,44.66824034334764,0.0156626239557901,Non-antimicrobial,0,1,542
OG0000536,jgi|Parch1|524819,86.8433867241645,0.5203745321490423,Antimicrobial,1,0,543
OG0000642,jgi|Fusre1|703922,63.43750262329485,0.8874056399492442,Antimicrobial,0,0,544
OG0000529,jgi|Fusox2|4910,80.79007338225485,0.3262583603230393,Non-antimicrobial,0,0,545
OG0000500,jgi|Cocsa1|115299,80.89461077844311,0.7330756198825116,Antimicrobial,0,0,546
OG0000452,jgi|Fusco1|608892,85.23236111111112,0.976353237861362,Antimicrobial,0,0,547
OG0000673,jgi|Fusoxy1|629179,48.33750988142293,0.0582698358996666,Non-antimicrobial,0,0,548
OG0000422,jgi|Chame1|412482,85.39968478260869,0.3588774061725181,Non-antimicrobial,0,0,549
OG0000679,jgi|Fusve2|19201,50.52335209003216,0.0137125962242501,Non-antimicrobial,0,0,550
OG0000558,jgi|Cadsp1|413999,85.90169476486246,0.9917027849867546,Antimicrobial,0,0,551
OG0000581,jgi|Galma1|59305,80.04157098984172,0.9641052477615512,Antimicrobial,0,0,552
OG0000468,jgi|Cadsp1|569976,88.48446531430004,0.8299926616524872,Antimicrobial,0,0,553
OG0000607,jgi|Cylol1|566701,78.01589738175676,0.8693124102259914,Antimicrobial,0,0,554
OG0000684,jgi|Fuscu1|6548,,,,1,0,555
OG0000682,jgi|Boeex1|470200,50.32967195767196,0.0392159309645031,Non-antimicrobial,0,0,556
OG0000672,jgi|Fusre1|336863,70.5903912601626,4.2080342118712026e-05,Non-antimicrobial,0,1,557
OG0000428,jgi|Fusoxy1|621902,77.65867143746112,0.9980412062830606,Antimicrobial,1,0,558
OG0000668,jgi|Cadsp1|527323,73.95829295774648,0.7982859911060334,Antimicrobial,0,1,559
OG0000181,jgi|Copci1|1305,83.45900905700586,0.995106484320773,Antimicrobial,0,0,560
OG0000659,jgi|Altal1|1029828,83.90850092535472,0.0078260308401353,Non-antimicrobial,1,0,561
OG0000494,jgi|Colto1|8893,73.19963257199602,0.7792941813947153,Antimicrobial,0,0,562
OG0000566,jgi|Fusox2|4201,68.86364238410597,0.9542535638294996,Antimicrobial,0,0,563
OG0000532,jgi|Phisc1|677223,87.77863829787233,0.8263611691005095,Antimicrobial,0,0,564
OG0000483,jgi|Ilyeu1|565922,82.80597285067873,0.2481898743747911,Non-antimicrobial,0,1,565
OG0000635,jgi|Fustri1|314555,52.23015017486114,0.0220294767507684,Non-antimicrobial,0,0,566
OG0000630,jgi|Altalt1|517986,48.08835027180336,0.7651907429979762,Antimicrobial,0,1,567
OG0000694,jgi|Fustri1|575718,80.35125687685147,0.973974727189311,Antimicrobial,0,0,568
OG0000689,jgi|Trire2|106615,49.79352322524101,0.5780912026046093,Antimicrobial,0,0,569
OG0000675,jgi|Pyrly1|571279,88.61828338667443,0.9959261415213896,Antimicrobial,1,0,570
OG0000677,jgi|Pyrly1|551495,81.17335074626865,0.9926809993008464,Antimicrobial,0,0,571
OG0000598,jgi|Micbo1|112782,28.683887850467293,0.9844090462668672,Antimicrobial,0,0,572
OG0000520,jgi|Fusso1|575875,71.30840336134453,0.3267725336198596,Non-antimicrobial,0,0,573
OG0000594,jgi|Fusso1|556306,75.16008701705535,0.2473071494824231,Non-antimicrobial,0,0,574
OG0000557,jgi|Parchr1|520239,78.79731822474032,0.2805769202764017,Non-antimicrobial,0,0,575
OG0000698,jgi|Fusoxy1|535802,84.77514539007092,0.9822984459896692,Antimicrobial,1,0,576
OG0000626,jgi|Neodi1|6165,28.31739795918368,0.4664481453346932,Non-antimicrobial,0,0,577
OG0000502,jgi|Parch1|511672,53.41126463700234,0.014803818700623,Non-antimicrobial,0,1,578
OG0000655,jgi|Falor1|2900125,79.6511014994233,0.0887350172154207,Non-antimicrobial,0,0,579
OG0000615,jgi|Cocvi1|109087,62.4224759005581,0.8532133517515411,Antimicrobial,0,0,580
OG0000702,jgi|Boeex1|424497,66.04450735442273,0.9854954675446832,Antimicrobial,0,0,581
OG0000412,jgi|TriviGv29_8_2|32996,72.90987303199593,0.882460841203937,Antimicrobial,1,0,582
OG0000564,jgi|Colto1|2777,60.59237753102547,0.2586823069760516,Non-antimicrobial,0,0,583
OG0000721,jgi|Fustri1|251339,39.13352490421456,0.2297118260724288,Non-antimicrobial,0,0,584
OG0000610,jgi|Fusoxys1|820803,74.74435510887773,0.6519419821146716,Antimicrobial,0,0,585
OG0000647,jgi|Fusoxy1|131146,61.66637534498619,0.977044511570178,Antimicrobial,0,0,586
OG0000461,jgi|Dacma1|808364,39.13600505689001,0.6308215034401904,Antimicrobial,0,0,587
OG0000481,jgi|Perma1|532059,87.83801762114538,0.6940294367751789,Antimicrobial,0,0,588
OG0000501,jgi|Aspnov1|429296,70.03557211749234,0.9887919534733008,Antimicrobial,1,0,589
OG0000720,jgi|Spoth2|2299021,32.907428571428575,0.7889333873845901,Antimicrobial,0,0,590
OG0000714,jgi|Rhesp1|61667,84.08273766742894,0.1269000052345834,Non-antimicrobial,0,1,591
OG0000550,jgi|Truan1|652150,75.0150401284109,0.567587113021256,Antimicrobial,0,0,592
OG0000595,jgi|Colhig2|10252,67.86075268817204,0.0091225127090325,Non-antimicrobial,0,0,593
OG0000093,jgi|Hebcy2|243425,61.471101694915255,0.2727231565919841,Non-antimicrobial,0,0,594
OG0000733,jgi|Fusco1|277839,44.7564656233515,0.9819703954306896,Antimicrobial,0,0,595
OG0000555,jgi|Fusco1|696019,79.16269889224571,0.7709249165702321,Antimicrobial,0,0,596
OG0000624,jgi|Neora1|725232,75.51843124868394,0.9979484693267088,Antimicrobial,0,0,597
OG0000691,jgi|Cenge3|533440,53.50018461538461,0.749651587470523,Antimicrobial,0,0,598
OG0000474,jgi|Neora1|821704,83.81969892473118,0.6953324178174067,Antimicrobial,1,0,599
OG0000716,jgi|Fusoxys1|314203,84.13891708034565,0.14810172290806914,Non-antimicrobial,0,0,600
